filename,transunet_dice,medsegdiff_dice,wmh_dice,transunet_iou,medsegdiff_iou,wmh_iou,transunet_sensitivity,medsegdiff_sensitivity,wmh_sensitivity,transunet_specificity,medsegdiff_specificity,wmh_specificity,transunet_precision,medsegdiff_precision,wmh_precision,transunet_accuracy,medsegdiff_accuracy,wmh_accuracy
ISIC_0000003.png,0.9648331897448086,0.8897272322658585,0.9226681037615604,0.9320557616283658,0.8013591417554309,0.8564381199360236,0.9965709288410199,0.8051029488477707,0.9981857375187947,0.9655059044808301,0.9976718492551064,0.9175207679456842,0.9350545590648662,0.9942307145766822,0.8577733536812475,0.9758379535486571,0.9336245365964428,0.9443494745328969
ISIC_0000012.png,0.8335171133795513,0.8604752617532334,0.9226547463835599,0.7145558009808693,0.7551176669293999,0.8564151030381264,1.0,0.8783957247269012,0.9732795431325806,0.9795507851001943,0.9916427629840915,0.9930146265057979,0.7145558009808693,0.8432713829439429,0.8770360228506681,0.9805466184616405,0.9861278725917686,0.9920535698339273
ISIC_0000013.png,0.968879600135974,0.8611371892730315,0.922208278031637,0.939637699209268,0.7561377728396832,0.8556460949128603,0.9983239150852832,0.7663236660076488,0.9933319841628138,0.9796401330935799,0.9956086561574388,0.9475440783675568,0.9411223731068759,0.9827250041590417,0.8605891132730313,0.9842334354755994,0.9392402350377739,0.9588007766554318
ISIC_0000014.png,0.9003296486174516,0.8502643920556482,0.8836353964816293,0.8187268552666916,0.7395303634857953,0.7915293925449941,1.0,0.9984476497602174,0.805849957957181,0.915543469832296,0.8664500165659784,0.9930986838858851,0.8187268552666916,0.7403816506218096,0.9780418192319122,0.9388638990449996,0.9028976595728395,0.9413949180608108
ISIC_0000015.png,0.957369959949876,0.8957265124611774,0.8708945785756557,0.9182259508884385,0.8111455382828673,0.7713137870483691,0.9485215359148301,0.9899271857790473,0.7841485713049218,0.9898183700043405,0.9319839070481787,0.994864946078595,0.9663850262074439,0.8178961718104008,0.9792202879165569,0.9800797066875544,0.9456481526367758,0.9451735865713112
ISIC_0000020.png,0.95819360004126,0.9247780028559094,0.903638409855178,0.9197424781410524,0.8600809928667966,0.8242156766325728,0.9780157524528604,0.8725966479662691,0.8403271817548292,0.9805441330650438,0.9955315011846718,0.9939973550797709,0.9391589858145956,0.9835972003628113,0.977266830504077,0.9799501300341104,0.9666499020032792,0.9578949786103311
ISIC_0000022.png,0.8815982555307073,0.91127662856164,0.8604405299407635,0.7882661663309957,0.8370139306899537,0.7550641739619224,0.7882661663309957,0.8410861307739239,0.7613858073488988,1.0,0.9960378731456915,0.9931816797579982,1.0,0.9942488980156526,0.989123449950995,0.9049632041158623,0.9264877362757477,0.8891400316604791
ISIC_0000023.png,0.9388390735401286,0.8570813271113168,0.9188283392815513,0.8847282727156007,0.7499057872115051,0.8498450085816911,0.9993558135299395,0.9932916916808883,0.9903068486128068,0.9725904340864691,0.9313387341439782,0.965034341335609,0.8852331188269669,0.753723073458242,0.8569735778349177,0.9772640540489607,0.9421566110095547,0.9694472843601003
ISIC_0000027.png,0.9357127499462481,0.862206412311528,0.9242219195358071,0.8791919191919192,0.7577880747800453,0.8591194934340083,0.9953218108345978,0.7898347965161213,0.9963848922565401,0.9696802274851866,0.9902926330164886,0.9633247478481376,0.8828401307248064,0.9491785007543994,0.8618058094546883,0.974467260614741,0.952869113129676,0.9694967538586209
ISIC_0000036.png,0.9339155906189305,0.91229308327119,0.8735413863173935,0.876024058133566,0.8387306077034401,0.7754757926361994,0.8885006673498161,0.9958995980853756,0.9958409134341205,0.9908413300343414,0.8794974488290159,0.8172630042953339,0.9842232908565095,0.841637026515272,0.7779955187420502,0.9507872717335997,0.9250548875864538,0.8871547735710382
ISIC_0000037.png,0.8665002009654175,0.8826150129943943,0.9075238610624338,0.7644467177704202,0.7898933879178442,0.8307035995724367,0.7644467177704202,0.798605130190153,0.8369232683361788,1.0,0.9918145059103207,0.9944431391339054,1.0,0.9863777851009372,0.9911331871902714,0.8996528890187137,0.9095061530633398,0.9273387294348228
ISIC_0000040.png,0.8836474299028387,0.8576934653527271,0.9220091385118233,0.7915487038525212,0.7508435252167843,0.8553032975056774,0.9983846820581515,0.7858682960723777,0.9901290105371738,0.9485788834900135,0.990820502194086,0.9689797253198799,0.7925637176293971,0.9439683359146447,0.8626590692071971,0.956768369673784,0.9571205453894427,0.9724572677760398
ISIC_0000043.png,0.9313787753602609,0.9172266928844864,0.8995933477910381,0.8715705377031546,0.8471087039705106,0.8175099141623596,0.9890168892318012,0.9910738833717431,0.829688370425923,0.9066961157684591,0.8823258544442263,0.9896851730217788,0.8800887937019493,0.853621402340292,0.9823617436121186,0.9403757090628121,0.9268175329325519,0.9242262734862333
ISIC_0000052.png,0.9814709865719876,0.9355322866698235,0.948150752532089,0.9636161303532235,0.8788733326096101,0.9014131586009567,0.9920713882369211,0.9951761849702101,0.9064297046361636,0.9531781996698765,0.7901766952327005,0.9911758973328217,0.971094723087842,0.8826334146746561,0.9938977710805947,0.9770290739309877,0.9158906629855078,0.9392061087763601
ISIC_0000053.png,0.9495157198748183,0.9208381999484785,0.9247912965593005,0.9038837970632636,0.8532902108882242,0.8601039906019557,0.9283826899378498,0.8552624396181556,0.8682337199862018,0.9721207067310047,0.9976225662664853,0.9902776101892747,0.9716332747424798,0.9973048121968761,0.9892307346205812,0.9499433456457419,0.9254388651225901,0.928395256581799
ISIC_0000056.png,0.948693805406345,0.8912684878953326,0.921015090240423,0.9023953347607057,0.803863224022079,0.8535940418718614,0.983676046982005,0.8103740508723485,0.9957224093916349,0.9410925278343285,0.9947029543838458,0.8911047038310556,0.916114248301825,0.9901042349070475,0.8567357018275672,0.9579303139664173,0.9218181689689614,0.9324711899063377
ISIC_0000057.png,0.9378387729212317,0.9046920091950483,0.902361076139379,0.8829533116178068,0.8259704273043621,0.8220928180695253,0.999936241335653,0.8561361642180303,0.848682472743171,0.9681160034457337,0.9912110409608307,0.9922164119507632,0.8830030242584133,0.9590867039440567,0.9632884303245216,0.9742882281439044,0.9650103414808812,0.9643748939939317
ISIC_0000064.png,0.9550800086850703,0.9059683997559331,0.9072404401227574,0.9140221420045714,0.8281007601186484,0.8302287835621169,0.9997603824014969,0.9940941309545414,0.8471662576135849,0.9529035026029572,0.8993582173391894,0.9897571310413156,0.9142224191404519,0.8321949176166575,0.97648485193113,0.9685656672257505,0.9310242070746094,0.9420953630590053
ISIC_0000066.png,0.9579572528263057,0.903532615797975,0.9285356359347596,0.9193070585871344,0.824039664851078,0.8666043100227849,0.9206892685577279,0.9938191216253123,0.8736398474041748,0.9984915651669806,0.7932953965337725,0.9918550287410194,0.9983696092673529,0.8282845950187486,0.9907928155270168,0.9595271278096763,0.8937203770998785,0.9326512747565379
ISIC_0000069.png,0.8830189344211741,0.891322113146652,0.9120459806817275,0.790540647135848,0.803950474448809,0.8383129842686077,1.0,0.8597585312312912,0.8550089802434644,0.9611587147884749,0.9898237997583573,0.9970803944685469,0.790540647135848,0.925291553016473,0.9772366995495239,0.9661246577893896,0.9731946715926284,0.9789162543980282
ISIC_0000071.png,0.7428436573108135,0.8477117794796293,0.9065124263466386,0.5908920251890029,0.735676859646109,0.8290102678697706,1.0,0.989443890886511,0.8464526563560485,0.9329088682875634,0.9665740773132762,0.9979611684449886,0.5908920251890029,0.7414966722579946,0.9757461754864915,0.9388358333099452,0.9685944424741731,0.9845766028724005
ISIC_0000072.png,0.8413770884977135,0.8961273943275042,0.8826952733658273,0.7261871659406185,0.8118032730611789,0.7900219629652018,0.9898298660827086,0.9959256295797186,0.8255706224206182,0.9499426613828043,0.9687279536645909,0.9937958164583606,0.731646200059143,0.8145083519889789,0.9483129761760793,0.9547758951055909,0.9720235650117238,0.9734115431816848
ISIC_0000088.png,0.9684500421170501,0.8955602693218683,0.9053505987345739,0.938829995305899,0.8108729199482796,0.8270690119484643,0.9840172084074023,0.8163597014007457,0.8544489707462931,0.9866534351467391,0.9981236849349888,0.9908202270093543,0.9533677506855806,0.9917794962384213,0.9627010707274017,0.9860811233520508,0.9586636225382487,0.9612147013346354
ISIC_0000092.png,0.8578519103321811,0.8697612029012282,0.9064502668913067,0.7510864117293913,0.7695375571373343,0.828906303433033,1.0,0.9925752375923971,0.8442999824005631,0.9685394181396955,0.9724858266225593,0.998237029549682,0.7510864117293913,0.7739929494308938,0.9784775809905837,0.9712670644124349,0.9742275873819987,0.9848906199137369
ISIC_0000098.png,0.6740524724848861,0.8840016588509267,0.9053185501289385,0.5083553145938521,0.7921173591895538,0.8270155214885323,1.0,0.9957454759748753,0.9940637891135929,0.9781265898499913,0.994185923661194,0.9954316346217925,0.5083553145938521,0.7948073701842546,0.831120137478519,0.9786103566487631,0.9942204157511393,0.9954013824462891
ISIC_0000099.png,0.8944498611059027,0.9502087712456843,0.9394844336414889,0.8090540895780972,0.9051407034265316,0.8858751945220321,0.989963124960092,0.9170040227316263,0.9946036332290403,0.851994983221051,0.9913247128137072,0.9187610415627668,0.8157454079565604,0.9859085553544658,0.8901536689973226,0.9069449106852213,0.9617242813110352,0.9489676157633463
ISIC_0000101.png,0.9562585506621651,0.9380360251823923,0.944240682675134,0.9161833625260642,0.8833030568136739,0.8943711574979955,0.9984473641809846,0.8880131454723887,0.9899611308408601,0.943085241520878,0.9966199991053063,0.9322526952647914,0.9174905215140371,0.9940310231775765,0.9025569180284483,0.9645632377008531,0.9544854588210011,0.9546409545890365
ISIC_0000107.png,0.9497694698300437,0.8906283269648637,0.8917958787617218,0.904343801237948,0.8028223079900612,0.8047216768741597,0.9482709547712238,0.8223572400427099,0.9926623134113497,0.9883667920061688,0.9941723632899078,0.944066114321762,0.9512727284730395,0.971261240954772,0.8095371627604936,0.9806194305419922,0.9609740575154623,0.953455924987793
ISIC_0000111.png,0.9784044309669852,0.9539815056822211,0.9474979378000694,0.9577218819508859,0.9120120828307294,0.9002338064968894,0.966304570889863,0.9935838830010884,0.9041148718121864,0.9864124544368892,0.864388504458126,0.9934633883356836,0.9908111573008485,0.9174150732835278,0.9952542368944173,0.9742959340413412,0.9422384897867838,0.9396241505940756
ISIC_0000113.png,0.9344955228860059,0.9358580633986785,0.9292099043480435,0.8770451396104532,0.87944853145027,0.8677796966195218,0.8772691385965387,0.9166317897054396,0.8833708202408794,0.9999437899483709,0.9906947747012917,0.9960458074994466,0.9997089518549008,0.9559081555185523,0.9800666410195952,0.9778151499009986,0.9773349394154615,0.9757209546638258
ISIC_0000115.png,0.9445991842732685,0.8694213399630376,0.9200166402528445,0.8950146429656046,0.7690056169418705,0.8518803849609662,0.9913446312124401,0.8041781825692675,0.9940651709927117,0.9792543565130909,0.991184030472747,0.9678285930734863,0.9020636548654033,0.9461855903939045,0.8562351529856689,0.9812081654866537,0.9609635670979818,0.9720684687296549
ISIC_0000117.png,0.9685539289441841,0.9113096759222542,0.9356899627047187,0.9390252734713956,0.8370696935276295,0.8791516850508867,0.9538466236549588,0.8612955703863281,0.9010943555461783,0.9953115155873243,0.9914031395651844,0.9925860840537929,0.9837218790485939,0.9674903484535696,0.9730480805694662,0.9858153661092123,0.9616063435872396,0.9716329574584961
ISIC_0000125.png,0.740034288179661,0.8993568909480673,0.9000763411756542,0.5873447834627931,0.8171194491216607,0.8183080107011257,1.0,0.9976679963178889,0.9948757287511507,0.9926450417552964,0.9976868998418958,0.9977411859030985,0.5873447834627931,0.8186831172101221,0.8217716385755924,0.9927212397257487,0.9976867039998373,0.9977114995320638
ISIC_0000126.png,0.9458379320505201,0.9379884250623417,0.9315507475294178,0.8972414781441831,0.8832186458206946,0.871871776198436,0.8994455393821386,0.9074786882910265,0.9964084724431885,0.9991017891283925,0.9899564482771196,0.9477713604009259,0.9972763270829713,0.9706210284100433,0.874620391811927,0.9724191029866537,0.9678732554117838,0.9607938130696615
ISIC_0000129.png,0.9105806463769663,0.902889529882091,0.9011821395101721,0.8358403431595819,0.8229704797047971,0.8201378698999722,0.9999620636020955,0.8614597236160975,0.8423639204163347,0.9800631633721075,0.9952513666196391,0.9972483768820237,0.8358668484762873,0.948505595236739,0.9688309421718384,0.9818973541259766,0.9829190572102865,0.9829718271891276
ISIC_0000132.png,0.7363714191187255,0.893183091993542,0.9146309699182306,0.5827435610906873,0.8069835991232711,0.8426912364076983,1.0,0.9891058657872309,0.992153629525327,0.9745560903027869,0.991980327739336,0.9936973711065318,0.5827435610906873,0.8142205682736743,0.8483449111662059,0.9754292170206705,0.9918816884358724,0.9936443964640299
ISIC_0000136.png,0.9713321206074252,0.9460841461438922,0.9204685460849471,0.9442621278123254,0.8976847085868604,0.8526556060471933,0.9513535640281551,0.9963276594743289,0.8589381548129955,0.9920787953132492,0.8840977586524481,0.9922283752483746,0.9921677814031471,0.9006647875339041,0.9914946789916855,0.9711736043294271,0.9417079289754232,0.9238074620564779
ISIC_0000138.png,0.9571685502156051,0.8511889964205807,0.9226275185379372,0.9178554697535248,0.7409304000122562,0.8563681868743048,0.9780752430604481,0.7788039211739367,0.8678314780893335,0.9876954462505351,0.9904135166621492,0.9974895599670509,0.9371369278600249,0.9384083279973611,0.984809721778062,0.9861761728922526,0.9569950103759766,0.9770132700602213
ISIC_0000141.png,0.9617433110290767,0.8816797532617845,0.9087314655775917,0.9263059137931647,0.7883964864566871,0.8327294675078021,0.9654444405347694,0.9931774113795,0.8534069422246751,0.9912443869478236,0.9461753340775828,0.9948544703132334,0.9580704504646893,0.7926895783108489,0.9717263818920634,0.9868157704671224,0.9542433420817057,0.970574696858724
ISIC_0000149.png,0.927874091145565,0.9277112752127623,0.9219979796125738,0.8654525401190958,0.8651692904789592,0.8552840924001369,0.9074045741019634,0.8667561308462783,0.861118535736823,0.9480392369954836,0.9980339348768097,0.9926876867679536,0.9492884375194853,0.9978883731064331,0.9921404218204884,0.9270165761311849,0.930116335550944,0.9246193567911783
ISIC_0000160.png,0.9680292022289624,0.9244851169734255,0.9287201692895979,0.938039336306625,0.8595744527233871,0.8669258420311452,0.9935422918348361,0.8619049515128919,0.9960833855186618,0.8561357495533396,0.9934079087492629,0.637760625236532,0.9437936050010144,0.9968642457024676,0.8698910964641915,0.9534985123627783,0.9002282753667795,0.891658971991382
ISIC_0000161.png,0.9567503447554687,0.8606928587372864,0.8920362193029983,0.9170866627616688,0.7554528779512132,0.8051131587910147,0.9218917770045815,0.9894925767904655,0.8113292504368909,0.9949698158722865,0.7025782716601724,0.9925877334848837,0.9943486515216867,0.7615622485677449,0.9905735089459399,0.9591756787602485,0.8431109150693721,0.9038060543995262
ISIC_0000164.png,0.9158575818341821,0.894730233470669,0.9212885210740374,0.8447760796811689,0.8095129900098694,0.854063889253625,0.9261050328227571,0.8315900802334063,0.9963019693654267,0.9721975304481171,0.9921241432188431,0.951904402812475,0.9058344272587181,0.9682462845010615,0.8567799480636784,0.9618692407516973,0.956152078477777,0.9618528966628639
ISIC_0000165.png,0.9382228647686833,0.8689639465809668,0.920453934998657,0.8836344592825347,0.7682902273134061,0.8526305313312517,0.9788116543152582,0.9960262787695967,0.9939669049932562,0.9866116495053503,0.9631554469152894,0.9793956043956044,0.9008662689037494,0.7706523934558674,0.8570660397413933,0.985749307747932,0.9667895377343516,0.9810065593589112
ISIC_0000169.png,0.9337465154672657,0.8774433757368911,0.9077703520145511,0.8757265781658502,0.7816473189607518,0.8311167470035979,0.9442584364993203,0.9932945909700491,0.992573873536898,0.9695503547962273,0.8946438016264896,0.924411897299005,0.92346606472105,0.785793674850965,0.8363170962311577,0.9624658850466621,0.9222766812155656,0.9435046151015527
ISIC_0000172.png,0.9685058418165532,0.860889506152902,0.9288143106034644,0.9389348782373895,0.7557559260519451,0.8670899170868519,0.977360399392993,0.9965426994215839,0.9954342519078933,0.9779024945195621,0.8279676897609033,0.9200770467624447,0.9598102824165666,0.7577426820784503,0.8705521661191423,0.9777124191070778,0.8870753314373493,0.9464996267666891
ISIC_0000174.png,0.788983396162589,0.878108618955967,0.9279619480086372,0.6515050195534037,0.7827037748866549,0.8656054197748883,0.9790372127633864,0.8081167199852446,0.8760104559533425,0.85302402897683,0.9905077825027101,0.9964857412203961,0.660721950382007,0.9613743322791035,0.9864638391130591,0.8815305593922652,0.9492475253222836,0.9692319866482505
ISIC_0000177.png,0.822290754443855,0.8722292460857317,0.9087030365716771,0.6982120226589101,0.7734100596760444,0.8326817236959729,0.9997595050175999,0.9917247862874133,0.8451430945145281,0.9401420240625791,0.9608774765957253,0.9979258487127081,0.6983293118719648,0.7784337111624036,0.982600627851705,0.9473990262233086,0.9646323986336788,0.9793282031970427
ISIC_0000188.png,0.905957398814449,0.9266349603435401,0.9438705240145575,0.8280823779921505,0.8632989953167451,0.8937072068117977,0.9995936324741616,0.8664240208359718,0.8969698638283345,0.709775981556324,0.9949276804824491,0.9948844724062423,0.8283612396634631,0.995839445900772,0.9959464614993324,0.878898919844326,0.9199394372496903,0.9377464538915937
ISIC_0000195.png,0.9737374685981265,0.9128384070334783,0.9415427552887096,0.9488190777734057,0.8396529209081326,0.8895425488306135,0.9655970095045455,0.9939914434877193,0.8972715640313578,0.9568981563451961,0.5519614652992477,0.9788213502580935,0.9820163508383782,0.8439364037168466,0.9904093451833943,0.9630664183736809,0.8654001082980044,0.920995285074686
ISIC_0000196.png,0.9530672138070477,0.8814720803623319,0.9205203554188095,0.9103423126834764,0.7880644415634014,0.8527445237524113,0.9128062556430296,0.8008832745709255,0.864162829746988,0.998747923442842,0.9924752561323402,0.9938057646549655,0.9970436117470135,0.9800939431891188,0.9847415845940051,0.9715657998790529,0.9318774454316623,0.9528015537051682
ISIC_0000197.png,0.9653760861846028,0.8648072614180035,0.8879769127308969,0.9330695659494007,0.7618153570100002,0.7985238102489248,0.9605196790557431,0.7735680939990712,0.8156459214259844,0.9882681836507746,0.9938478851274417,0.9914492426155571,0.9702818510546127,0.9804469352408578,0.9743847699539988,0.9803573034875162,0.9310478511999858,0.941329100051818
ISIC_0000198.png,0.6912547493830933,0.8817383742111387,0.885568504530832,0.5281812858975073,0.7884902368791643,0.7946370038276905,1.0,0.9901418673705048,0.9917782909930716,0.7865878458264365,0.9389012374871916,0.9407298809805312,0.5281812858975073,0.794729204402216,0.7999063341529095,0.8277414429316707,0.9487822878228782,0.9505738643593332
ISIC_0000200.png,0.8761755696474635,0.889558563709008,0.9249827328832743,0.779637411310424,0.8010855274639612,0.8604352331606218,0.779637411310424,0.8231169716133583,0.8685511395900704,1.0,0.9903592090402583,0.9966935083385193,1.0,0.9676682641631414,0.9892568285177419,0.9428026189220219,0.9469497626214044,0.9634328358208956
ISIC_0000201.png,0.9552222419282643,0.88589190771395,0.9214795244385733,0.9142827118479658,0.7951579508736707,0.8543922394787125,0.9248235880914807,0.8290255848371614,0.9981520699269822,0.9976998969031804,0.9915026687721038,0.9664315450167695,0.9876872025498843,0.9511341676204056,0.8557458412489222,0.9855789695572645,0.9644791687916063,0.9717073635108763
ISIC_0000202.png,0.9462853681865872,0.9496830370710341,0.9512994713177528,0.898047098917149,0.9041870888409732,0.9071221433568987,0.8990319119248169,0.9052099096372519,0.9081090641815274,0.995448717321301,0.9953051643192489,0.9954846055718141,0.9987817115250089,0.9987518994719642,0.9988033737252342,0.9177525430729215,0.9227031259304118,0.9250742112324702
ISIC_0000212.png,0.961996014563325,0.9162137431889482,0.9199662676888335,0.9267748756847264,0.8453823227882854,0.8517940136186263,0.9579127969863116,0.99342434075566,0.8524262429599792,0.9268914246757674,0.6189475221971529,0.9983849237911276,0.9661141915631559,0.8501394838141322,0.9991300280227154,0.9481452709263934,0.8755149185840889,0.8983834367429547
ISIC_0000213.png,0.9159725257571028,0.8614424110673108,0.8960644691537807,0.8449716889295938,0.7566085540520152,0.8116999988820945,0.9999863662701524,0.9913766658713657,0.9899314905075156,0.8890048296427054,0.8122667150593291,0.8671497684163638,0.8449814233461018,0.761620964870017,0.8184569602488883,0.9308400744174573,0.8797834287535076,0.9134331733289478
ISIC_0000222.png,0.9566538907210982,0.8360163426195666,0.9347069715298013,0.9169094341879319,0.7182371825572161,0.877417711887288,0.9969408828711115,0.7197316151085708,0.885456498920949,0.9060649581307626,0.9977607538795272,0.9901399862046444,0.9194964745795625,0.9971174015433912,0.9897589068783874,0.9531705907843421,0.853644052835155,0.9358771887588875
ISIC_0000226.png,0.8726047565743401,0.9060096504297179,0.9111850494162071,0.7740007434507855,0.8281696916116282,0.8368594212704874,0.7740007434507855,0.8308323388048703,0.9961197086194641,1.0,0.9971096063084455,0.8289127312168382,1.0,0.9961451849998436,0.8395964282082501,0.8930099659158269,0.9183924866627149,0.9080699836988737
ISIC_0000227.png,0.9806393274572387,0.8984695586211905,0.9164312946857202,0.9620140877233044,0.8156556776556777,0.845752826000929,0.9759602961748537,0.9920342864271012,0.8759790075825752,0.9972002629378138,0.9582379724878942,0.9930978823869522,0.985363440086362,0.8210329926404436,0.9608006020151872,0.9937622321545755,0.9637084503365511,0.974140305787639
ISIC_0000228.png,0.9621611297267446,0.8980311515575778,0.9203885517852027,0.9270814162832567,0.8149333375683896,0.852518332690081,0.9300992618578384,0.8238533509406396,0.992995877803154,0.9977699072215409,0.9925012786598545,0.8871122085892944,0.9965123529791214,0.9868882253667403,0.857675760191647,0.9702578814329611,0.9239361554566654,0.9301600356396286
ISIC_0000230.png,0.922253710065725,0.9257740778670899,0.8799858384724687,0.8557243190528333,0.8618057512789635,0.7856917070336862,0.8557426204194416,0.8632323439712216,0.7867503325676791,0.9999446945479885,0.9957193580143131,0.9965157565232781,0.9999750083097371,0.9980860486796456,0.9982903385129744,0.895955816578962,0.9001785967661339,0.8452469817454981
ISIC_0000231.png,0.9770982847959212,0.8331043889509956,0.9289539415497954,0.9552220611938075,0.7139493722168169,0.8673333272837814,0.976962930126891,0.9927688812545021,0.8827044199405256,0.9897089957032081,0.8234202295797997,0.9919868382042835,0.977233676975945,0.7176815000016691,0.9803179487179488,0.985740288644853,0.8761498491788948,0.9579598749723232
ISIC_0000233.png,0.959565542341274,0.8563918781000969,0.9169548314790384,0.9222738974837204,0.7488508184756094,0.846645050576477,0.9990761386914411,0.750771143580567,0.8477031901276353,0.7915944142830132,0.9935823677173649,0.9968722145693217,0.9230611219247583,0.9965959885386819,0.9985278301131206,0.9398400340536839,0.8200938327051087,0.8902909985996039
ISIC_0000234.png,0.9594356519951845,0.8842295971398506,0.9178106028382507,0.9220339461320316,0.7924834669150835,0.8481053365015275,0.9436388380496504,0.9919138536624106,0.8568246714100579,0.9826116074418355,0.8132522535796086,0.9923706452001768,0.9757703577894324,0.7976364992786417,0.9881433620729133,0.9660101612764335,0.8893577236772503,0.9346313769390693
ISIC_0000246.png,0.9205081221304894,0.853193965375399,0.9162437406956286,0.8527235276167227,0.7439740807212321,0.8454334014954029,0.9992585132928583,0.7498954819269189,0.9968710312712816,0.8390726764586386,0.9925464462036615,0.8322544106964777,0.8532634320483172,0.9894977881863127,0.8476828447560766,0.9165382385253906,0.8752009073893229,0.9118626912434896
ISIC_0000253.png,0.9300720883578404,0.8945024919675159,0.8732833957553059,0.869284816516597,0.8091402155754399,0.7750692520775623,0.9957516108475536,0.8345016403502561,0.9905827373787439,0.9845899614749037,0.9966799916999792,0.970547426368566,0.8725208363493475,0.9637999182227068,0.7808226823687001,0.9856589988425926,0.9811469184027778,0.9724663628472222
ISIC_0000254.png,0.9597059030701063,0.8901076263975758,0.9253086123252798,0.9225332585298537,0.801976522740233,0.8609993742737105,0.952533141574949,0.9925693626031201,0.8978553689018504,0.9923236876476441,0.943900365112072,0.9898953701651727,0.9669875087871086,0.8068205189266423,0.9544936543103265,0.9847246805826823,0.9531949361165365,0.9723180135091146
ISIC_0000257.png,0.9508843566965676,0.893517276852141,0.9131619678152748,0.906367532279324,0.8075293523880359,0.8402006009852888,0.909789279727352,0.842333855169643,0.8541513694739613,0.999151182892831,0.9903094678150357,0.9962667621910384,0.9958675806011343,0.9513233142705146,0.9809313943868134,0.9827473958333334,0.9631462097167969,0.9701792399088541
ISIC_0000258.png,0.9312630733328835,0.8811218060576674,0.9026673847878006,0.8713679204825937,0.7875046728304376,0.822601435767263,0.8745642016461103,0.7908622231574517,0.9918866183004222,0.9958341706632196,0.9951579702037292,0.7662844821499373,0.9958232931726908,0.9946379165162997,0.8281739463769823,0.9313468933105469,0.8865203857421875,0.8862520853678385
ISIC_0000271.png,0.9845697695966397,0.8491110128261831,0.8953234849159029,0.9696084872375113,0.7377870692040459,0.8104847642639921,0.9856108435001453,0.7419660027578702,0.995380876705891,0.99572763813143,0.9985337266872948,0.940944081522235,0.9835308926885555,0.9924238664747821,0.8135445884820458,0.9936472574869791,0.9457740783691406,0.9521382649739584
ISIC_0000279.png,0.9349630185193425,0.8828544767695619,0.9279495728845141,0.8778690644333486,0.7902770573851656,0.8655838843153144,0.9935004266259627,0.792369361276771,0.9956076662096478,0.8290513631887895,0.9965639052268962,0.8050454493658126,0.882939878312055,0.9966698099582877,0.8689019657926536,0.9219334920247396,0.8812332153320312,0.9126764933268229
ISIC_0000287.png,0.953842892800443,0.8528251485646813,0.9208250278016744,0.9117587465937801,0.7434133929083663,0.8532675900794052,0.9951123747630652,0.9941736618828414,0.9902879321238379,0.96413750858632,0.8676803835340939,0.9370065078994143,0.9158601726243385,0.7466664407009457,0.8604682169326693,0.9728647867838541,0.9033203125,0.9520187377929688
ISIC_0000289.png,0.7960613259337632,0.9266865769340915,0.898235447312012,0.6612141823180326,0.8633886030112445,0.8152698733323526,0.6612141823180326,0.8638409919597273,0.8178113014828657,1.0,0.9982764545142165,0.9897459952111616,1.0,0.999393810343207,0.9962027336278234,0.7401962280273438,0.8951822916666666,0.8578948974609375
ISIC_0000298.png,0.6581503510888286,0.8947288412571732,0.8950913452666543,0.4904799517761749,0.8095107107244782,0.8101043841336117,1.0,0.9977327145975039,0.822240586527663,0.875759948707422,0.9721920227876908,0.9982083076743732,0.4904799517761749,0.8110026008026318,0.9821062488927135,0.8890314899319136,0.9749203244965957,0.9794111255975663
ISIC_0000299.png,0.950269438521791,0.8933668952347886,0.9057940116274091,0.9052508075821296,0.8072837251912229,0.8278094081486373,0.9327553506832797,0.8079782958199357,0.8304737741157556,0.9215425531914894,0.9977782823040996,0.991688829787234,0.9684538267177439,0.9989362775927263,0.996139374239645,0.9296252535129654,0.860961719542228,0.875477600318702
ISIC_0000302.png,0.9552417684645105,0.9114509751865513,0.9239164439016074,0.9143184898008261,0.8373081546260649,0.8585917317159788,0.9816821060344376,0.8385059576769421,0.8604281153503951,0.863931901512369,0.9973580261233221,0.9960499268624304,0.9301883486350757,0.9982968470901009,0.9975203870299657,0.9403203317398232,0.8943054650152108,0.908067597421411
ISIC_0000306.png,0.8182000900994559,0.8804092975872116,0.8770573603229218,0.6923338572333388,0.7863671033439938,0.7810348715363903,1.0,0.9955782946787064,0.9975604384434242,0.9314697007302131,0.9589722153279427,0.9572479197418782,0.6923338572333388,0.7891231368336242,0.7825295360612383,0.9406259054034478,0.9638630848906272,0.9626339997102709
ISIC_0000310.png,0.976271588385255,0.9097417893812084,0.9302774616152935,0.9536431511609259,0.8344278268400946,0.8696436956633851,0.9962242726217881,0.8369208431320233,0.9940215064438667,0.8795346111994643,0.9919393990123043,0.614137440361597,0.9571024480099674,0.9964428322885923,0.874216221820821,0.9646688939591482,0.8788411741271911,0.8912927350427351
ISIC_0000311.png,0.9370727946150244,0.9154214153672383,0.9259591624398491,0.8815963970699492,0.8440341975562794,0.8621265877965198,0.9002717630056928,0.8446709304474546,0.8628187610394253,0.9374177668382189,0.9977713134929515,0.9976281047214142,0.9770107384050871,0.9991076772013316,0.9990703483211893,0.9096656345067362,0.8833885629436476,0.8969107634361871
ISIC_0000319.png,0.693129125319075,0.9029988500877565,0.9238058701987468,0.5303730756784245,0.823152145428465,0.8584007704719141,0.9985059038556384,0.8657199222489773,0.9955322173547245,0.836804754676093,0.9904386167239724,0.9704629694196656,0.530794321537904,0.9436327989121842,0.8617204274073051,0.8620368861364625,0.9709772924815298,0.9743748189193104
ISIC_0000320.png,0.9569432771829819,0.8772420868343435,0.9152851640768906,0.9174412630202251,0.7813279038585688,0.8438025679790473,0.9881334934819109,0.9894163590514341,0.9967991246329055,0.9566684230814116,0.8502296895389588,0.8980348194488158,0.9276618354635888,0.7879130839764231,0.8460951303224566,0.9679939881211068,0.9003286614515428,0.9335841300883674
ISIC_0000325.png,0.9738735539069951,0.8858952678494655,0.9115838790581022,0.949077530956381,0.7951633650630306,0.8375325039004681,0.9811759219054051,0.9941300397227449,0.8417281806339557,0.9867498346092052,0.9019689380335822,0.9980373625681253,0.966679078168696,0.7989143780290792,0.9940836831209284,0.9851808090685209,0.9279117774880487,0.9540371939736346
ISIC_0000327.png,0.962744872752341,0.8868033173051756,0.917757706949317,0.9281659328182549,0.796627703882843,0.8480150081386045,0.940735647024152,0.8321007058955612,0.8627362925747646,0.9973956576301833,0.9914367063840123,0.996661583925945,0.9858086148325711,0.9492043671757436,0.9802752220432766,0.988256917282341,0.9657372700275243,0.9750606620310011
ISIC_0000328.png,0.8748196044241178,0.8884291357335655,0.9178153078985746,0.777492753929803,0.7992555079426914,0.84811337158755,0.7906275043431024,0.9931424698940983,0.9968697391987178,0.9877239950755281,0.8237234479119848,0.8725460692161883,0.9790795257759425,0.8036908881199538,0.8503780579566518,0.904776455888744,0.8950229972475735,0.9248673583949008
ISIC_0000340.png,0.9740562535269833,0.8470313177593001,0.914620875940575,0.9494246218426576,0.7346524938675388,0.8426740994610276,0.9649708703583829,0.9913788030365445,0.8717707291237569,0.9970226312128833,0.9364587234497886,0.9937215772296827,0.9833143439673783,0.7393761177980887,0.961901206110092,0.9920913008836738,0.9449084637114298,0.9749588041431262
ISIC_0000343.png,0.9375726633978668,0.8579172206531402,0.8994921474770737,0.8824816823674946,0.7511865480922235,0.817342779894735,0.9115328180177903,0.7655946137590655,0.9954014757401518,0.9843363230946535,0.9908737118137328,0.8963438058492426,0.9651440252741126,0.975559352662796,0.8204407101358702,0.9608639359698682,0.9182420686657975,0.9282807293930175
ISIC_0000354.png,0.9363254629310939,0.8981861544602072,0.8986689515241308,0.8802743981361636,0.8151886619469502,0.815984397032843,0.9991566094612094,0.9918109499298081,0.8218051822267687,0.9038021782101469,0.8456687725281966,0.9949188015968373,0.8809289651566106,0.8207126647936027,0.9913944756603477,0.9434688722294654,0.9064627698102274,0.9229048964218456
ISIC_0000357.png,0.930298453601358,0.8928515968735442,0.8795366096479319,0.8696803858360197,0.8064425639347328,0.7849757673667205,0.8899174060909811,0.8821438617127368,0.9939908456286598,0.9977401691148168,0.9908836932093323,0.9741410780138322,0.9745183691756273,0.9038224737352302,0.7887186770822766,0.9881958025496161,0.98125814863103,0.9758981602201942
ISIC_0000368.png,0.9554932354340879,0.902265632244305,0.8748854797187797,0.9147793655804447,0.8219343939180628,0.7775968258769816,0.9937670143185434,0.8256248895174121,0.781580342937953,0.8463401744032414,0.9920096639025556,0.9908834669250418,0.9200582632319728,0.9945910953244916,0.9934881965135561,0.9407277632913226,0.8854845719252499,0.8568806135013762
ISIC_0000371.png,0.9081753688207016,0.8941038751174326,0.909674458918602,0.8317960072395197,0.8084881165601113,0.8343145461092069,0.8545398773006135,0.9948371873525248,0.8419962246342615,0.9747968611347937,0.7875480660484053,0.9915134062951299,0.968994654066174,0.8118946107599934,0.9891833453456783,0.9171171048819354,0.8869716970882225,0.9197993625959727
ISIC_0000377.png,0.9355973580868062,0.9288781233702271,0.9261998661512912,0.8789881960506332,0.8672011501556592,0.8625440032602815,0.9917473934136032,0.8994815535440922,0.9927097257837955,0.9728430733590707,0.9921199169569698,0.968053222317121,0.8854647561093598,0.9602610700071657,0.8680424982763802,0.9761458502875434,0.9759350529423466,0.9723609641746238
ISIC_0000378.png,0.9251569326103796,0.9222474908065363,0.8873470461617623,0.860736753745111,0.8557136104435521,0.7975056760517698,0.9699870124554386,0.8668305648444906,0.9904474303308218,0.9489851528648832,0.9947784210599158,0.9027618016275262,0.8842876375691289,0.9852340102186321,0.8036874017113753,0.9550062771715847,0.9580964337469685,0.9279008169636371
ISIC_0000380.png,0.953093510951301,0.9486808949031729,0.9559454926060095,0.9103902983898363,0.902371972794881,0.9156087980426373,0.930755282158205,0.9910544071457701,0.9291601195382987,0.9846225399843154,0.9324414737119098,0.9898258098341041,0.9765303463012956,0.9097822540204208,0.9843210170231071,0.9626779539707405,0.9563193656105359,0.9651116604139363
ISIC_0000388.png,0.95692034454,0.9067077577937421,0.9156622487030611,0.9173991070873646,0.8293370452935902,0.8444437608188677,0.9833669907494154,0.9898278267024754,0.9905634320848861,0.991850590328457,0.9780683685907101,0.9803894457995597,0.9318589541245791,0.8364661257292451,0.8512920340471011,0.9909870006419994,0.9792654249403212,0.9814251087330006
ISIC_0000392.png,0.8341096642526886,0.9240492579742067,0.9160966669109362,0.7154272050107026,0.8588211540561907,0.8451829964394629,0.7154272050107026,0.87176450186157,0.8614479307102343,1.0,0.9942023309231646,0.9925969429547317,1.0,0.9830057975834801,0.9781486935181175,0.9209411055953415,0.9601871349193432,0.9561616403085215
ISIC_0000393.png,0.9252277404614249,0.9622265426537234,0.9575819968006422,0.8608593422932657,0.9272028840612897,0.9186161346615853,0.8832299883710679,0.9317506055860856,0.9240215114253209,0.9696822852636786,0.9942777184587278,0.9931349764165961,0.9714188914839038,0.994763522314908,0.9936721968870572,0.9231308831108941,0.9606091534649884,0.9559199015299479
ISIC_0000407.png,0.9414097357287919,0.9363657002946404,0.9407848231048517,0.889305114077268,0.8803455290545122,0.8881904674577562,0.9735460219954424,0.9950211908177714,0.989851333273205,0.955832107109186,0.9392631136929894,0.9466318524661245,0.9113272608626757,0.8842406125590719,0.8963529862849239,0.9614650585033275,0.9569939507378472,0.9603754679361979
ISIC_0000418.png,0.917980791450247,0.9444847801227405,0.9070657654997186,0.8483960212505199,0.8948092479732976,0.82993627326026,0.9794535779781032,0.997432583563507,0.9968795222271999,0.9566363878337247,0.9678057976054746,0.9435341172017198,0.8637686596859829,0.8968749855098,0.8320979842718973,0.9616375675907841,0.9742995368109809,0.9552266156231916
ISIC_0000420.png,0.8559075252454156,0.913738147483134,0.9262336265750833,0.7481104404860398,0.8411766880757204,0.862602563740883,0.7481104404860398,0.9921794788728182,0.9905621704329104,1.0,0.9473493408800545,0.9564920902682965,1.0,0.8467911610776045,0.8697507514653232,0.9428760387279369,0.9575159991229022,0.9642185635036893
ISIC_0000433.png,0.9767163409127153,0.9444296667794361,0.9508304435374909,0.954492268335346,0.8947103163632538,0.9062695707102018,0.9656655498290034,0.9002223582678357,0.9895878334850923,0.984230274993575,0.9917006159789755,0.8761492609081337,0.9880229838622339,0.993202984092859,0.9149945146738165,0.97357502690068,0.9391965512876157,0.9412574768066406
ISIC_0000448.png,0.9102869477251381,0.918357394576789,0.9325217181863467,0.8353455488349363,0.8490395903159399,0.8735744174597965,0.8423235185574747,0.8718042411885751,0.9920069179720966,0.9979881049951131,0.9935423359615714,0.9673477294741041,0.9901802988180591,0.9701627581648415,0.8797669330823461,0.9677737200701678,0.9699130588107638,0.9721340603298612
ISIC_0000449.png,0.9415301288587176,0.8771631719577918,0.9071435523843038,0.8895200085794828,0.7812027091124398,0.830066523708063,0.9500867274304136,0.9904436189883982,0.9913027114594753,0.9975643321288651,0.9904187405355191,0.9930515271655113,0.9331262781905041,0.7871357463562444,0.8361559696342306,0.9959246317545573,0.9904195997450087,0.9929911295572916
ISIC_0000456.png,0.9031830661011766,0.9121293808643933,0.9353239084766933,0.8234583531553054,0.8384539161367804,0.8785055998941987,0.9997677640045136,0.9945563882657982,0.9001937121421175,0.9253359421462454,0.935075544227325,0.9913909555012307,0.8236158953037584,0.8423194882235038,0.9733073766738648,0.9445807845504196,0.9504547119140625,0.9678113019024884
ISIC_0000466.png,0.9423759624045747,0.8627646129838523,0.9165835208947258,0.8910311499227321,0.7586508675636224,0.8460121648248093,0.9976139521237121,0.9911849985329905,0.8522031031566594,0.9451327398599572,0.8594069752253233,0.99664340536026,0.8929341067607962,0.7638042419345722,0.991486200214853,0.9616356280137524,0.9008450039211005,0.9512236818183052
ISIC_0000470.png,0.9532203173437918,0.8626686723994701,0.871510353175304,0.9106217221612392,0.7585025150230181,0.7722803267424995,0.9504785850114972,0.7642720176953128,0.8048900805996038,0.9910019546744526,0.9984362604378798,0.991319282577226,0.9559779129321383,0.9901455490042469,0.9501540368937146,0.9840917293273889,0.958505531600813,0.959528545339589
ISIC_0000476.png,0.8936485863068074,0.8598438086143982,0.9286643685153266,0.8077438825008174,0.7541456294417458,0.866828602749233,0.8122002425207681,0.7605378893453749,0.9946337755415996,0.9954897415663839,0.9930706253698954,0.8794658709804695,0.993253113380157,0.9889778851660378,0.8709015419235219,0.9130465457683321,0.8884779346519447,0.9312681300014382
ISIC_0000479.png,0.8670165707533566,0.860981964704287,0.916979715637515,0.765250883969118,0.7558984476314794,0.8466874802601606,0.9976112330854019,0.9957153418765122,0.8483259028586791,0.7146308724832214,0.7018291880510593,0.9981813396499539,0.7666556909230601,0.7583651844521039,0.9977241138535924,0.8517322037669699,0.8442142738908984,0.9255777856772649
ISIC_0000482.png,0.9546154394078036,0.866606965810599,0.9193973873116081,0.9131715498715866,0.7646129274390623,0.8508191415753409,0.9992887787643104,0.7770722921972147,0.874555486727694,0.9707796477634222,0.9949510387602409,0.9913558087046154,0.9137654327462683,0.9794609678865256,0.9690862521529672,0.9775235469541598,0.9434113302163525,0.9637264293021527
ISIC_0000484.png,0.9164351620727933,0.900213221821366,0.9148353130765136,0.8457594137383395,0.8185343192725199,0.8430382264558683,0.986598547622736,0.8255471706464249,0.9915905016929648,0.8748053972984986,0.9935587991319829,0.8675227997119286,0.855588729598649,0.9897285455468886,0.8491090620651568,0.9227828144546143,0.9214545247327818,0.9207679929664413
ISIC_0000487.png,0.8877497850276577,0.8836566742921655,0.9100601005189967,0.7981565416462812,0.7915635395874917,0.8349635617086226,0.959697872789127,0.9903934202420791,0.8622057950263334,0.9345082778275619,0.9187194374058317,0.9894423802503013,0.8258371697644654,0.7976881713220603,0.9635385979818778,0.9406665599331377,0.9362420933520388,0.9583359338324483
ISIC_0000490.png,0.9538776765602526,0.8680460998556168,0.9142310212053979,0.9118223129239935,0.7668564062060262,0.8420124714010139,0.9654896143791747,0.7734391810536243,0.8592939517550486,0.9752107070617476,0.9963845734085857,0.9913557560483677,0.9425417327761514,0.9890232122471679,0.9766724252768296,0.9723297848957584,0.930312955370008,0.9522182031319959
ISIC_0000494.png,0.9049451006488105,0.8937379905767155,0.8789549842065326,0.8263924495337929,0.8078899781098315,0.7840496784907561,0.8681695760598503,0.8467331670822943,0.9937057356608479,0.9920413073110674,0.9924307618862165,0.9579027871128225,0.944974050509218,0.9462683239507274,0.7879629190198219,0.975192595225755,0.9726133523644642,0.9627726114528694
ISIC_0000499.png,0.9240670833591188,0.8713241468308334,0.9273516611597643,0.8588519498447026,0.771987940013313,0.8645439773508917,0.9044124327434611,0.995134311181999,0.8754706695874259,0.9917630259398066,0.9551175042360461,0.9980375468081137,0.9445949792824233,0.774912941287447,0.9857690078088591,0.9800227396687824,0.9604959310103414,0.981564044187681
ISIC_0000501.png,0.8907646165501448,0.902441550693354,0.9192847416443114,0.8030438172462186,0.8222264165188177,0.8506262260449675,0.9980000930189293,0.8442087964900857,0.8739283444180891,0.9484911978316931,0.9943276011788853,0.9941878059049524,0.8043381833857073,0.9693032031827122,0.9696067976194571,0.9571568901467767,0.9680518507865266,0.9731384270553214
ISIC_0000508.png,0.908139123183778,0.8826853872927851,0.928871092958242,0.8317351985647093,0.7900061247333628,0.8671888946808435,0.9996721741410962,0.8175102718769123,0.8847072879330944,0.953289346175561,0.9919457997320322,0.9953265751531545,0.831962119328964,0.9591527987897126,0.9776758040494304,0.962003659890258,0.9591731987632472,0.974543642891067
ISIC_0000509.png,0.9145192932434223,0.8980768038488722,0.8994938969931527,0.8425016562256651,0.8150085296196105,0.8173456689931288,0.9999632136550912,0.8326037374926427,0.8335969688051795,0.9217712475412171,0.9909636119376557,0.9916776694394938,0.8425277692757711,0.974725860370472,0.9767035903624843,0.9448427353813508,0.9442376105438254,0.9450340416640661
ISIC_0000510.png,0.9554396206728039,0.8504166279465972,0.9170184505338141,0.9146810845804862,0.7397607242940288,0.8467535305525964,0.9947634763476347,0.755060506050605,0.8525522552255226,0.9713330139507743,0.99322812919865,0.9977577183117871,0.9191065484207049,0.9733390058852727,0.9920314390133065,0.9771124419636437,0.9344809901253396,0.9619409039968089
ISIC_0000515.png,0.907264004835115,0.9074442180930236,0.8851427520647281,0.8302682522123894,0.8305701485640814,0.7939516504951845,0.8302682522123894,0.994201495767603,0.998379785494421,1.0,0.8379191128828833,0.7881696285048694,1.0,0.8346131426278695,0.7949759448526772,0.9233892960742865,0.9084592653296031,0.8830508060642734
ISIC_0000518.png,0.8937474071863696,0.8984304422230872,0.8970375577790972,0.8079053671758839,0.8155912042778467,0.8132983712236298,0.995452371495043,0.9915937776120491,0.998167978534545,0.9533353865306994,0.9566205023163651,0.9543065814752711,0.8108982613231905,0.8212695961596562,0.8145142086045404,0.9603846748742941,0.9624741193805475,0.9616478390530746
ISIC_0000525.png,0.9772018576405074,0.875996753295171,0.9283455010019837,0.9554200552087441,0.779354290891309,0.8662731336172015,0.9860433864465349,0.7893875983874065,0.8795507775004799,0.9816739732222239,0.9926392947070097,0.9912365238503974,0.9685174779286703,0.983953022029299,0.9828721719990904,0.9832634288531615,0.9187026957569866,0.950608748605053
ISIC_0000527.png,0.9556407512377547,0.8819197352089367,0.8918974069190683,0.9150498282754349,0.7887803433984606,0.804887031659466,0.9472524654372508,0.9939150910404961,0.9935362413447416,0.9890072477884323,0.9187650540443606,0.9267884159185539,0.9641789273849074,0.7926078792273226,0.8091239628624048,0.9790689512140647,0.9366519477889083,0.9426754508263242
ISIC_0000533.png,0.915391768555192,0.8655750455508958,0.8941548848353095,0.8439837925033977,0.7630077619116141,0.8085715373460283,0.8503600436830251,0.7690814620162446,0.9966171251109139,0.9961373708821887,0.9959301716917923,0.8810960182858738,0.9911938302114773,0.9897557520957887,0.8107968348719372,0.9468200868219918,0.919185986099245,0.9201774539912716
ISIC_0000534.png,0.9797906785618805,0.8764184167034412,0.9238481587354969,0.9603820098220005,0.7800220560148847,0.8584737983163734,0.9751463429055719,0.998155192463094,0.8662908725387785,0.9884877985423782,0.790587151792804,0.9931812345212547,0.9844794651384909,0.7811481984205331,0.9895981087470449,0.9827750921587426,0.8794661544486004,0.9388477794131548
ISIC_0000537.png,0.875105427887325,0.8873365512901503,0.8882860793453037,0.7779443954856867,0.7974887216067271,0.7990239780591987,0.9736665376900737,0.8089945607457516,0.9925193576076177,0.8461163899686895,0.9911754064780786,0.8518806666866154,0.7946641499845732,0.9824785032191159,0.8038650649280479,0.8945238127388363,0.9220347165021537,0.9052554113723214
ISIC_0000539.png,0.9637338476852613,0.8581083449595828,0.9121951545575167,0.930006104640724,0.7514796532331344,0.8385650775314074,0.9609030785926963,0.7568817693018827,0.8438905842740402,0.9600600678737237,0.9913578090094376,0.9923651353571548,0.9665813446460173,0.9905916534814929,0.9925306646399337,0.9605202749233699,0.8633552533859055,0.9113115573139609
ISIC_0000540.png,0.9755316807052331,0.8509706900846798,0.9254636367360971,0.952232160167509,0.7405996372254365,0.8612678624714035,0.9849134545648999,0.7478000180477061,0.8681849020911944,0.9649819777731552,0.9900801025749448,0.9918055986550679,0.9663269522104393,0.9871655724975293,0.9908341915550979,0.9750479360492593,0.8677218223800586,0.9293736581281985
ISIC_0000547.png,0.791741169326271,0.8771063737055833,0.924891404501777,0.6552744736695147,0.7811126122427653,0.8602771928106175,0.9996876153693238,0.9906189948787852,0.9976997131741119,0.7086715392808609,0.8513345471144714,0.9114586885916816,0.6554086762241669,0.7869335699568363,0.8619868979561793,0.8124518951618348,0.9010053067231997,0.9422134301956601
ISIC_0000549.png,0.8500134144910039,0.9005427808049145,0.8730891433367304,0.7391507215840949,0.8190794194468097,0.7747632726885839,0.9871139541223664,0.8335377964715505,0.9926003816645247,0.8219538032244729,0.9906314592806945,0.8507751136833402,0.7463523262661955,0.9792619875549048,0.779264060660725,0.8792180347570115,0.9361640358102543,0.8999486881726237
ISIC_0000550.png,0.9555335160793686,0.8948780054941896,0.9191255942664825,0.9148532105047223,0.8097549500807484,0.8503537408148111,0.9918286117811058,0.8208164051394455,0.855941452140977,0.9509880388270678,0.992042801660354,0.9961723178178205,0.9218010185599522,0.9836301591924431,0.9923815093436827,0.9660211053647866,0.9290158256478118,0.9445545323196997
ISIC_0001100.png,0.9378184102170424,0.9049572762901897,0.9058345825151838,0.8829172141918529,0.8264127569601625,0.8278771820420416,0.9106248602348732,0.8589153935737568,0.8777782403001791,0.994637301992339,0.9932791334189702,0.9896997554138568,0.9666860895900324,0.9562148658435646,0.935743668175448,0.9823760986328125,0.9736694053367332,0.9733653598361545
ISIC_0001103.png,0.852392484076827,0.9453642334672361,0.9586151252278895,0.7427561010622473,0.8963893160718694,0.9205195393659489,0.7486804629377476,0.9211966957845417,0.9330925076363625,0.9972432521285323,0.9904349791765715,0.9952792988761971,0.9894586435943867,0.9708340027939505,0.9855732333879526,0.9334000516528925,0.9726511684075605,0.9793066595564228
ISIC_0001128.png,0.9450687692054983,0.9098766823341057,0.9270175333653706,0.8958581769294455,0.8346548207796144,0.863963356524294,0.9176487064046972,0.8759699371356252,0.9913864049738238,0.995248020979843,0.9903295191849099,0.9711863244606757,0.9741779707447614,0.9465140239556644,0.8704977376252542,0.9825655619303385,0.9716391386809172,0.9744877285427518
ISIC_0001131.png,0.9240264459915057,0.9426786658053908,0.9511915509960613,0.8587817447269815,0.8915725383744906,0.9069259042482116,0.9790986302330232,0.9003350701997843,0.9936590284407586,0.9269876809119577,0.9948781684509189,0.9501614326858044,0.8748197250461511,0.9892017437063411,0.9122052829022912,0.9448407491048177,0.9624879625108507,0.9650635895905672
ISIC_0001142.png,0.9332976451042206,0.9466602256452563,0.9515620541455119,0.8749372688836026,0.8987225667284449,0.907599784906658,0.9902677738341699,0.9065270155625489,0.9158049622920847,0.8844436230910715,0.9923872208610087,0.9920746175381865,0.8825259084675298,0.9905115476104711,0.9902248279754821,0.9338778743037471,0.9522788436324509,0.9564463297526041
ISIC_0001181.png,0.7519823820792451,0.8659155905022896,0.9240001517316373,0.602541479608338,0.7635371611234886,0.858736321588388,0.981444379541323,0.9897067895337348,0.9973359391633321,0.9805517806802813,0.990838998178774,0.9950083852037496,0.6094846772812874,0.7696489332572006,0.8607106512890095,0.9805785580087624,0.9908050327278635,0.9950782101605735
ISIC_0001185.png,0.9069101625902284,0.8785733182951112,0.8978695022384925,0.8296757792015322,0.7834424957318019,0.8146671415609301,0.857793641563993,0.9915844229318582,0.9929988056323862,0.9985258692347234,0.9884438128205969,0.9904783901247936,0.9619930515931326,0.7886865328366791,0.8193735056935608,0.9926595679869613,0.9885747264380346,0.9905834514663341
ISIC_0001186.png,0.8962528939176936,0.8774809855307943,0.8993090080226861,0.8120092809111836,0.7817070127277265,0.8170403996921431,0.9451483378123876,0.9942336585056182,0.9940352751973253,0.9947620314330504,0.9913146407926607,0.9930795303903072,0.852167629368528,0.7852672042786111,0.8210658096259769,0.9932261314564816,0.9914050053454637,0.9931091175530354
ISIC_0001190.png,0.9113564664603991,0.8778560950822413,0.8898819085925908,0.837148651861484,0.7823026006157194,0.8016101309225555,0.9442565441301218,0.9915691135665852,0.9928689094302242,0.996053274214044,0.9917483076838925,0.9926400266333929,0.8806718271073714,0.7875409950077915,0.8062520554276623,0.9945032944040332,0.9917429454291045,0.9926468757860976
ISIC_0001204.png,0.7592588194559893,0.867480165468627,0.8883138247169552,0.6119397271259164,0.765973485866217,0.7990688779509044,1.0,0.9903016514027292,0.83921418846504,0.9298235130473691,0.967590587726894,0.9944402957135239,0.6119397271259164,0.7717628100679218,0.9435158021378002,0.9368156599059377,0.9698534409905938,0.9789740934954229
ISIC_0001242.png,0.8412945133975177,0.8737103703273418,0.9229319785564487,0.7260641492812238,0.7757421779522863,0.8568929354336227,0.9999669104265246,0.9539255263999648,0.998111136847446,0.9884546040987809,0.9929702946232994,0.9949562735261662,0.7260815940798642,0.8059393069643698,0.8582847441390643,0.9887964714698977,0.9918108282324334,0.995049959778006
ISIC_0001299.png,0.8589590434059922,0.8690362294498754,0.9223468539405195,0.7527854617681503,0.7684032433922775,0.8558847132893826,0.9126156698328814,0.8165903969399769,0.9914389673487436,0.9860672033829275,0.9958847830137658,0.9896068178743365,0.8112614692476173,0.9286811325955973,0.8622572492222014,0.9815439775447216,0.9848436384584698,0.9897196436444948
ISIC_0001427.png,0.9407268905509116,0.8491985434987283,0.9090802116055623,0.8880872007032911,0.7379192463663603,0.8333153557911916,0.9785023325579326,0.8220620574813459,0.9034664226061091,0.9929781297304823,0.9921354211324874,0.9941937973771527,0.9057597044253827,0.8781877535944552,0.9147642006038812,0.9920441363273704,0.981162111835475,0.988339973335013
ISIC_0001484.png,0.9004279938572581,0.8879228811367084,0.9182803543421079,0.8188895214019921,0.7984364268228968,0.8489079014402278,0.930274150028955,0.9938692110536882,0.9588656213634977,0.9936169627263097,0.9885135848182179,0.9939215537175318,0.8724374239750553,0.802388382849187,0.8809912250666344,0.9907776830821314,0.9887536455276287,0.9923502058265554
ISIC_0001685.png,0.9400553932992862,0.8848182819191178,0.8757783451138741,0.8868910576613939,0.7934296873533785,0.7790086068059087,0.9436899757320004,0.8735791051835253,0.9939387399466885,0.9950724549098887,0.9922276429026057,0.9787716679759562,0.9364487003355957,0.8963504268671906,0.7827270048075967,0.9914014602754682,0.9837508595259091,0.9798552715839423
ISIC_0001960.png,0.8178189712262904,0.8841081708673988,0.9080232238126975,0.6917882721182083,0.7922884170185462,0.831540783296794,0.9965224754474463,0.9919846858648217,0.9909606073545483,0.9790841571824789,0.9880322087244104,0.9908969666521078,0.6934623636418578,0.7973931305703581,0.837896385866572,0.9798746273200638,0.9882113725119678,0.9908998514529268
ISIC_0002107.png,0.9227633742178907,0.9041593584655362,0.9247264498040773,0.8566023027187123,0.825082885408846,0.8599918129071299,0.9956862926524993,0.9905446215056817,0.9250126427998258,0.9813918708046099,0.9770171010568521,0.9913351110558557,0.859793115703948,0.8316327760648685,0.9244404338461195,0.9828616438859494,0.9784080202296969,0.9845157391660367
ISIC_0002246.png,0.8597999321075451,0.8995625182472666,0.9121943708418074,0.7540781274437203,0.8174589953210962,0.8385637529268134,0.9310810150555247,0.9247572759062747,0.9924012759155811,0.9821959472873826,0.9900440742423775,0.9860850690231754,0.7986568876914634,0.8757041981999846,0.8439828015029888,0.9785922277861762,0.985441205803309,0.9865303760393046
ISIC_0002673.png,0.890163520242546,0.8993944343472354,0.9001358777663466,0.8020672743043048,0.817181433944329,0.8184064372772796,0.8231034013685911,0.9965607792806913,0.9922462280945593,0.9984597686857029,0.9871090505999591,0.9875258456337074,0.9691199409487201,0.8194925393459526,0.8236741006222921,0.9887329931972789,0.9876333249349122,0.9877876787288989
ISIC_0002829.png,0.9410969554987524,0.8985991439594769,0.9277895291095113,0.8887470485477895,0.8158692986583401,0.8653054174512647,0.8976698102964216,0.887599078626937,0.9907746358715042,0.9990721481007886,0.9918747554040475,0.9865993672401262,0.9889395133642207,0.9098752795031055,0.8723338875819849,0.9904935450260351,0.9830530688355589,0.9869525935374149
ISIC_0002871.png,0.8914744360385074,0.8637585993989565,0.8857353932590123,0.8041983559248571,0.7601893391158338,0.7949057951769823,0.8899896686591395,0.9076205938061152,0.8712456645266032,0.9955612182060164,0.9919304103548944,0.9960040558193741,0.8929641657634237,0.8239405561417319,0.9007152317880794,0.9913440008961513,0.988562525548172,0.9910203907167114
ISIC_0003056.png,0.8854782172068241,0.8772930762465806,0.9206119992329215,0.794491620421872,0.78140880552658,0.8529018282384823,0.9285518212036215,0.9907717032171769,0.9943277667421966,0.9942753248952292,0.9909100452948397,0.9943743808999703,0.8462236474039708,0.7871377817253248,0.8570718738303886,0.9921187164598356,0.9909055058276035,0.9943728513332215
ISIC_0003559.png,0.871749956623019,0.8639049638815656,0.9170254195648442,0.772656701181036,0.7604161064140993,0.8467654145643652,0.8092268942119872,0.9932301840238511,0.9929406120420822,0.997624564393112,0.9846340110988387,0.991336105348501,0.9447433907310203,0.7643778499223318,0.8518939388371023,0.9886210734424786,0.9850448206649337,0.9914127844363156
ISIC_0003728.png,0.10639402492967766,0.864821905724735,0.9167000832325221,0.05618593642519877,0.7618380852185715,0.8462107944842432,1.0,0.9919355898352298,0.8936187685596405,0.11709870233910455,0.9841254083246431,0.9970554009350894,0.05618593642519877,0.7665861076275532,0.9410053477415651,0.16118653286932058,0.9845154111027127,0.9918902746283699
ISIC_0004115.png,0.9014945778142169,0.9007953854318431,0.9281720953460133,0.8206555558191436,0.8194974561544554,0.8659711986558616,0.93981262826166,0.9958726390450436,0.9564620888835018,0.9876538800390504,0.9816995634727285,0.9911146816101648,0.8661787294693202,0.8222902662777285,0.9015075337291837,0.9839047334867097,0.9828102563464279,0.9883990827551149
ISIC_0004346.png,0.8748149563952944,0.8845363260051695,0.9170560854218036,0.7774854112819419,0.7929763618723354,0.8468177096493444,0.9629964252636704,0.9963798832899126,0.9332722760942345,0.9901365456532559,0.9893964859999627,0.9957796390736149,0.8014282648813356,0.7952676048917661,0.9013938031940327,0.989059159085192,0.9896737072624937,0.9932982722884873
ISIC_0005000.png,0.8573216025261843,0.8880123242597838,0.8764669282012968,0.750273746682806,0.7985810846947213,0.7800989131527124,0.9990493127376718,0.9948314387921403,0.934899703775074,0.9889695063714086,0.9918247996478343,0.9933986846982195,0.7508097906676681,0.8019081691036893,0.8249087677885855,0.989294030370871,0.9919215997771818,0.9915152831164991
ISIC_0006193.png,0.9476579846569078,0.8997007802680855,0.9076891537684322,0.9005228061220623,0.817687374610059,0.830980628728467,0.9487251159348529,0.9385265758355029,0.9900969540147267,0.9964852461446435,0.9902961888510267,0.9874268058234403,0.9465932513121268,0.8639597317080941,0.8379452517742481,0.9935424015285126,0.9871062912047535,0.987591332829428
ISIC_0006711.png,0.9133884058132474,0.8956185990213511,0.8983007146743449,0.8405840787083174,0.8109685641461343,0.8153774143629521,0.952705325124744,0.8873364150404038,0.9918936694857546,0.9951287321624286,0.9965609237797195,0.9920939186346429,0.877187989489091,0.9040568474840347,0.8208473252785887,0.9936340014726228,0.9927125476899212,0.9920868631299262
ISIC_0007322.png,0.9036646299074761,0.8990611865129444,0.9278263511061677,0.8242593047337444,0.8166313835964284,0.8653694782215656,0.9269159962676217,0.926610849116082,0.9897964845030641,0.9913504175962443,0.9906468634656618,0.9900141551518132,0.8815512231508231,0.8731024174758781,0.8731587834455694,0.9871660559125021,0.9864883742715496,0.99000001965244
ISIC_0007693.png,0.9282003248572382,0.8491329008454408,0.8919755554286367,0.8660203453911326,0.7378201196899485,0.8050143296014515,0.9788540103074017,0.9944792434474589,0.9321185679455922,0.9924218295050496,0.9797670137825155,0.9908164584810507,0.8825311496934133,0.7408546142097786,0.855147415136026,0.9916760492777358,0.980575698643655,0.9875900205761317
ISIC_0008116.png,0.7933831579473593,0.8932861039859941,0.9126157844633495,0.6575270046767228,0.8071517916268118,0.8392762847058169,1.0,0.8847643795635156,0.989447047466863,0.9637426896480698,0.9933063993881701,0.9875444393427425,0.6575270046767228,0.9019735810951435,0.8468567582609596,0.9661023649428907,0.9862423364407491,0.9876682636789283
ISIC_0008207.png,0.4997644153635011,0.8651924427106154,0.9292785846685978,0.33312395765135244,0.7624133600037214,0.8678995034212275,1.0,0.9905020680785845,0.9949911644333996,0.9298119134080403,0.9895109189218511,0.9948658119574812,0.33312395765135244,0.7680282513833281,0.8717080392144405,0.9321894193883112,0.989544492469185,0.9948700580664095
ISIC_0008406.png,0.8813622414912254,0.890212961213528,0.8951245857323206,0.7878888717882591,0.802147556333832,0.8101588415971918,0.8128100379340532,0.9907074443433632,0.9903791688837776,0.9987449506868292,0.9906727752203445,0.9911734498242488,0.9625428767436542,0.8082286014353229,0.8165854659576199,0.9916488593723797,0.9906740983460507,0.991143136581838
ISIC_0008507.png,0.7915460380274819,0.8517073133319102,0.8897950524456548,0.6550071934353779,0.7417162220228382,0.8014691831501669,0.9964396900046367,0.9194707557792939,0.995501313726789,0.9840615478819392,0.9926722563641065,0.9925975721643464,0.6565437428510639,0.7932463933063957,0.8043825376436167,0.9844287985546285,0.9905004199071357,0.9926837241111857
ISIC_0008600.png,0.9338815132904988,0.9037506815507791,0.8937207596793364,0.8759640930464095,0.8244025025522892,0.8078618192458213,0.9812690176872068,0.9926390185358048,0.8568512165258398,0.9811884448697087,0.9680667378166418,0.9905108494859333,0.8908600446399091,0.8294734154954546,0.9339058969649723,0.9811993470227597,0.9713915658856135,0.9724256214831611
ISIC_0008626.png,0.9325520310315631,0.8937369744462019,0.9285969822270302,0.8736276222744284,0.8078883175172513,0.8667111878751492,0.9840733177582133,0.9906540968632839,0.9934308565235568,0.9861830609310199,0.975275190178093,0.9840206528771899,0.8861571576223909,0.8140930723039684,0.8717071150090357,0.9859751999308234,0.9767903864193779,0.984947786742202
ISIC_0008659.png,0.8616290646284483,0.8656154605829818,0.8908023235939376,0.7568965772542516,0.7630705730773076,0.8031051115074883,1.0,0.9891887794153968,0.9303836626097078,0.9888725158741664,0.989733715926999,0.9945093307403855,0.7568965772542516,0.7694880174706381,0.8544513741193486,0.9892451202991364,0.9897154686975935,0.9923620791757505
ISIC_0008992.png,0.7303325754289535,0.8700048247362128,0.9048075300368553,0.57521565198516,0.769919061409371,0.8261630305651242,0.7481559243044206,0.9482843634310345,0.9913571999475109,0.9870856933596669,0.9900489031674242,0.9914111581071463,0.7133386791934196,0.8036635320007212,0.8321567331570936,0.9772453404064648,0.988328825281947,0.9914089358334731
ISIC_0008998.png,0.9489797543764634,0.9349412761105986,0.9325516794439309,0.9029129156436604,0.8778307290853997,0.8736270051538738,0.9869326476394324,0.887306198317944,0.8865818354203018,0.9474665153563605,0.9939061644643783,0.9916284387361729,0.9138377547197445,0.9879810905456012,0.9835493521951651,0.9617073843388395,0.9554408762892,0.9537236624549305
ISIC_0009035.png,0.8820125051820269,0.9305692481532757,0.9365902100015209,0.788928775384588,0.8701538145843867,0.880742512256597,0.999076308328702,0.9904120382421014,0.9899413986929024,0.9649108857453335,0.9817944139955372,0.9836674063740124,0.7895046406066283,0.877546059229829,0.8886954951108775,0.9688876489654955,0.9827974822603974,0.9843976821912208
ISIC_0009078.png,0.9326258553977645,0.8844895407758552,0.9276174023730509,0.873757210734493,0.7929011632854,0.8650060197039323,0.8800452113295583,0.9079793542352214,0.9941035963051431,0.9995494303649423,0.9909131347062025,0.9906558655451404,0.9918888983021598,0.8621844607580079,0.8694669741144846,0.9925081818993029,0.9860266348051566,0.990859007569077
ISIC_0009083.png,0.8277018051408366,0.8782791402360854,0.8906764009356903,0.7060505669722321,0.7829747771838124,0.8029004356230739,0.7251987762603188,0.895003515401258,0.9183544664598144,0.9982588070933242,0.9908137935313477,0.9907678694703989,0.963951237377701,0.862168335693375,0.8646178892540777,0.9817852178276455,0.9850336023970736,0.9863992013248365
ISIC_0009201.png,0.9217345956868308,0.9425332209256212,0.9292869671675488,0.8548309089763989,0.8913123698794954,0.8679141270086386,0.8612534996860235,0.9326054904289536,0.9151335492757589,0.9988093969891243,0.9926585014566413,0.991378539188635,0.9913517781876838,0.9526745901098014,0.9438850546609023,0.9799931609508636,0.9844438654253312,0.9809490065036475
ISIC_0009298.png,0.9397544158823765,0.8881903437061615,0.9226935430887594,0.8863554161034076,0.7988690678104912,0.8564819575427276,0.8998460069675536,0.8674661605474899,0.9653205854948202,0.9988304130694639,0.9934015862787278,0.9902349543540131,0.983367003113671,0.9099289841116995,0.8836719752013942,0.9917668558978283,0.9844147961910951,0.9884570574532534
ISIC_0009564.png,0.8684016494797927,0.8499330299926953,0.895792725981913,0.7674115547098311,0.7390291627863175,0.8112541431847512,0.9996610232331498,0.9351892311318382,0.9255945996763831,0.9903436672264088,0.9915309468823537,0.9955029385403854,0.7676113047474571,0.7789228034109608,0.8678500839267801,0.9906317637147828,0.9897888378071021,0.9933413438862569
ISIC_0009869.png,0.8088871308016877,0.8807045459568167,0.9158458968341003,0.679101999247238,0.7868383122396193,0.844756196706434,0.679101999247238,0.8823034516350433,0.9892177917506144,1.0,0.9926072322313882,0.9895799747728545,1.0,0.8791114248527497,0.8526066712464697,0.9815699259440104,0.9862721761067709,0.9895591735839844
ISIC_0009872.png,0.48410996824707575,0.8849660806769276,0.902821471921524,0.31935691778859926,0.7936674080858301,0.8228574008850357,0.9734242837653478,0.9930695770804912,0.9944338335607095,0.9511383179687205,0.9940060434288452,0.995025432654565,0.3221658328667666,0.7980878870274537,0.8266648521139539,0.9516576131184896,0.9939842224121094,0.9950116475423177
ISIC_0009874.png,0.8948364226087138,0.8718978827739307,0.905995927369768,0.8096868562398292,0.7728891467005412,0.8281467592634731,0.8096868562398292,0.9901231316257325,0.8558635675248568,1.0,0.9560667702753767,0.9947685933279715,1.0,0.7788943236223445,0.9623667287189034,0.974273681640625,0.9606704711914062,0.9759915669759115
ISIC_0009879.png,0.9096472429623765,0.880792585490572,0.9117632732586459,0.8342687603540295,0.78697886921759,0.8378354183917821,0.9038200723327305,0.996745027124774,0.8462251356238698,0.967374458629377,0.8956888498881875,0.9960812551306366,0.9155500398413673,0.789006584597767,0.9883051742344245,0.9494984944661459,0.9241129557291666,0.9539311726888021
ISIC_0009880.png,0.8679036244690043,0.8912847388732844,0.9182690675328496,0.7666340456764777,0.8038896641212727,0.8488886098861146,0.7666462782224822,0.8303645985692631,0.8630747546738292,0.9999949867734372,0.989652700374488,0.9947494807132818,0.9999791874791875,0.9618514844775218,0.9810051205165253,0.944207509358724,0.9515711466471354,0.9632695515950521
ISIC_0009881.png,0.9643465520746437,0.8745448649650253,0.9198969255951899,0.9311479182601515,0.7770588428990088,0.8516751293408718,0.9630840532631373,0.991269830157241,0.9934401209762108,0.9923880583100526,0.9388185719568548,0.9630574554765893,0.9656123652291105,0.7824133681831494,0.8564918485969688,0.9870656331380209,0.9483451843261719,0.9685757954915365
ISIC_0009882.png,0.975934433740153,0.8864948164752031,0.8827383541325126,0.9529999502907989,0.7961299413703732,0.7900909848624746,0.983254692789004,0.8113396245768797,0.8119037850035901,0.9895342310111387,0.9937019403096109,0.990898669714533,0.9687223667921477,0.9769948122529645,0.967114266164899,0.9879773457845052,0.9484888712565104,0.9465204874674479
ISIC_0009885.png,0.9245440894971516,0.8733855091947952,0.8975016623919445,0.8596764223136444,0.7752301397886123,0.8140616922281578,0.8798184951678701,0.9920591635943192,0.9275071445712166,0.998549810759756,0.9826881971609237,0.9913744796399642,0.974060477248575,0.7800706738026623,0.869376738099133,0.9916292826334635,0.9832344055175781,0.9876518249511719
ISIC_0009889.png,0.9509992240271717,0.894158946190506,0.9169289991941608,0.906576282696482,0.8085781795767413,0.8466010063162402,0.9402346845090617,0.9898881915709776,0.9945919432531348,0.9958241444234929,0.974779360069937,0.9803386799939455,0.9620130998185585,0.815312422308776,0.850516240051624,0.990203857421875,0.9763069152832031,0.9817797342936198
ISIC_0009891.png,0.9468710141387826,0.8463431619264675,0.8854278175650208,0.8991026045726581,0.7336177743632659,0.7944104756236134,0.9643461737778546,0.7389808257039212,0.8115529452409742,0.9836342754559324,0.998351272465471,0.9951332929202892,0.9300179253266874,0.9902043386076829,0.974099108438731,0.9800847371419271,0.9506200154622396,0.9613494873046875
ISIC_0009898.png,0.833639064108785,0.8822354292563552,0.892605597697666,0.7147350690991741,0.7892855547115857,0.8060412765694768,0.7174467695034197,0.8096484571940742,0.9974587880608873,0.9987374357914074,0.9914145633815706,0.9209719541273986,0.9947396293027361,0.9691193592236561,0.8076999208234362,0.9285024007161459,0.9460296630859375,0.940069834391276
ISIC_0009901.png,0.9454416497410427,0.8955111064506545,0.8867545723710534,0.8965285320711558,0.8107923145998077,0.7965490361453481,0.9920917311427389,0.8157456936351769,0.9923384914191103,0.9499566497750273,0.997131784683917,0.8846024485402932,0.9029816954113552,0.9925664419649776,0.8014780336173892,0.9634183247884115,0.9391810099283854,0.9190228780110677
ISIC_0009902.png,0.9169834243143915,0.9018570859188013,0.8981198210001531,0.8466938040480969,0.8212565726687522,0.8150793871393143,0.8466938040480969,0.8361815078129397,0.9901405016038568,1.0,0.9906825906398891,0.8898837632023882,1.0,0.9787286364195253,0.821748945246213,0.9480400085449219,0.938317616780599,0.9238637288411459
ISIC_0009906.png,0.9149055761693037,0.8854930452228076,0.9209448141608946,0.843157568665244,0.794515495329351,0.8534733220754974,0.9990456964580657,0.8082053791725291,0.9955465834709732,0.9162366252977032,0.992193663656839,0.9245824764839892,0.8438371924796594,0.9791255972055474,0.8567442644008549,0.9420560201009115,0.9348271687825521,0.9467086791992188
ISIC_0009918.png,0.8869184908961167,0.9272563612714866,0.9249818896429056,0.7968136058698475,0.864378335881378,0.8604337738418654,0.9153788222549017,0.989943528863949,0.8660633892659703,0.8286417023931011,0.8327100016689055,0.9924653018119937,0.860174533472341,0.8720355938020576,0.9925020419275796,0.8750661214192709,0.9168663024902344,0.924811045328776
ISIC_0009920.png,0.9170941516736142,0.9031870536086181,0.8930597423827874,0.8468826288924092,0.8234649824112568,0.8067822416226672,0.8918142439810618,0.8300513750377758,0.9949712904200665,0.9755377078235862,0.9963121705802247,0.8924510038884771,0.9438490701214962,0.9904559507267421,0.810085428586426,0.9491170247395834,0.9438451131184896,0.9248034159342448
ISIC_0009923.png,0.8789551347977984,0.8575697383620977,0.898955944079717,0.7840499181442326,0.7506539061146718,0.816457742309271,1.0,0.7668225311987118,0.994333137212399,0.8888952337784471,0.9913112685833388,0.9121169347283367,0.7840499181442326,0.9726783008809831,0.8202745805020109,0.920831044514974,0.9267845153808594,0.9357490539550781
ISIC_0009926.png,0.9582228416210182,0.8842485498940641,0.9203941288719801,0.9197963632760244,0.7925139150032997,0.8525279025301259,0.9645144111496448,0.8266895270752965,0.9961163283066412,0.9947240299784479,0.9953202723827003,0.9817222807188174,0.9520128205128205,0.950422602514709,0.8553710251291031,0.991766611735026,0.9788118998209635,0.9831314086914062
ISIC_0009927.png,0.9000347073017552,0.8866444019324925,0.8976712595375883,0.8182391874328557,0.7963712613216064,0.8143407919864519,0.8185651154401155,0.8220598845598845,0.8492815055315055,0.9999188828484671,0.9934310412381232,0.9912623053188363,0.9995136186770428,0.9622422408332747,0.9519084162377539,0.9692357381184896,0.9644368489583334,0.9672406514485677
ISIC_0009928.png,0.9349565580133272,0.9068043402491149,0.9031862252313009,0.877857673363362,0.8294986649103193,0.8234636052248421,0.9995981840443302,0.8319504693462813,0.826916199283884,0.7880999067793886,0.9954836221029284,0.9935934938442251,0.8781675602647342,0.9964597622371278,0.9949552094486674,0.9159355163574219,0.8966395060221354,0.8928489685058594
ISIC_0009930.png,0.7689873417721519,0.845406112720815,0.9085734258750686,0.6246786632390745,0.7322107989961952,0.8324640863756977,0.9985754205249028,0.9911785655580516,0.9969864664949866,0.9857793931378152,0.9915970324702121,0.9953044920402874,0.6252358571477581,0.7370136484008963,0.8345640508186947,0.9860763549804688,0.9915873209635416,0.9953435262044271
ISIC_0009931.png,0.9744999545601004,0.8687257991246223,0.9171221720251659,0.9502680754558894,0.7679179799666642,0.8469304184945226,0.9760764956327812,0.9969712893122096,0.8643079685709203,0.9879503253816005,0.8676628514258965,0.9908966580693719,0.9729284980760428,0.7697136194476832,0.9768109571617621,0.9843012491861979,0.9074020385742188,0.9519933064778646
ISIC_0009943.png,0.8743557846099165,0.8968685195818366,0.9248800177204598,0.7767603410167351,0.8130205107027325,0.8602574902937514,0.7781526781948545,0.9964044706874736,0.9905841417123576,0.999754190331872,0.9690684681141483,0.9792247452255087,0.9977017709882384,0.8154127585403526,0.8673498592069427,0.9730300903320312,0.9723650614420573,0.9805946350097656
ISIC_0009945.png,0.9340936520201021,0.8890501312063895,0.9188244710232333,0.8763374510250297,0.8002612504665186,0.8498383901574392,0.8931711606096131,0.9950297967956233,0.9953595154357171,0.9977673502293682,0.9717121996638961,0.9800977653631285,0.9789461004109057,0.8034729960260721,0.8532188841201717,0.9868761698404948,0.9741401672363281,0.9816869099934896
ISIC_0009946.png,0.7982061570260199,0.8983749331364469,0.9022195535787138,0.6641789369221305,0.8154997196044371,0.8218579193316004,0.6848099859248833,0.8281446773835099,0.9983193199496259,0.9882390682411017,0.9941291756654419,0.9187059994951337,0.9566089110511781,0.9816206130121011,0.8229966220729403,0.9049059549967448,0.9485435485839844,0.9405708312988281
ISIC_0009948.png,0.9556140646684219,0.9056484908221905,0.9257564442893975,0.9150008941522443,0.8275663561725314,0.8617751899633393,0.9366052337864739,0.990471081461067,0.8635849378001622,0.9763751484979764,0.8030388982022524,0.9978987695336845,0.9754104654457069,0.8342080525559574,0.9975741485290706,0.9564844767252604,0.8967819213867188,0.9307225545247396
ISIC_0009954.png,0.815353493076628,0.8961914167438481,0.8975245825198941,0.688267334020315,0.8119083601435234,0.8140994060179031,0.688267334020315,0.8594141027528338,0.8595122429952402,1.0,0.9912904634811559,0.9916965773946478,1.0,0.9362571098661421,0.9390547263681592,0.9596099853515625,0.9742037455240885,0.9745699564615885
ISIC_0009955.png,0.6864253393665158,0.8968715282912273,0.8789574287631176,0.5225628660006889,0.8130254555953502,0.7840535688072359,0.5225628660006889,0.8487627741416925,0.9965983465380641,1.0,0.9905345177162921,0.9416246321984026,1.0,0.9507616865629648,0.786157469260207,0.9154052734375,0.9654146830240885,0.9513651529947916
ISIC_0009956.png,0.9789013162720375,0.8854667204017732,0.9164248448541258,0.9586745452438883,0.7944731096059969,0.8457418394119176,0.9844521118381916,0.8155859607376561,0.8514170136823319,0.990196197512784,0.9903107198073249,0.9975533873438983,0.9734127656370584,0.9684446679739375,0.992180307685482,0.9886614481608073,0.9436264038085938,0.9585075378417969
ISIC_0009958.png,0.8636791288790179,0.8735489422195619,0.9086384731190823,0.7600662373005586,0.7754877020052738,0.8325733047562588,0.7648625576233566,0.7973501792726652,0.9975072562745433,0.9985562657908429,0.9935500705461034,0.9546770582196757,0.9918171432619842,0.9658504301786897,0.834309150211062,0.9550450642903646,0.9570198059082031,0.9626515706380209
ISIC_0009959.png,0.901520831102067,0.8501201909384007,0.8886384129846708,0.8206990688831473,0.7393122170152477,0.7995943204868154,0.8953715645733888,0.9921817867542448,0.8386230371365129,0.9903785451257904,0.9638313159163863,0.9948384683847401,0.9077551460577221,0.7436444267277891,0.9449979773159732,0.981292724609375,0.9665425618489584,0.9798990885416666
ISIC_0009965.png,0.9105629655291876,0.8989255510883127,0.8883783831252086,0.8358105486761684,0.8164076025711245,0.7991733604666595,0.840342743869297,0.8292291460178406,0.8086069635834638,0.9964193876646216,0.9896297359720645,0.9922054122982211,0.9935886288889729,0.9814129488780414,0.9856118472330475,0.9343465169270834,0.9258371988932291,0.9191869099934896
ISIC_0009970.png,0.9696878343317263,0.9637461243844611,0.9338680411633379,0.9411592589540806,0.930028969794677,0.875940387512961,0.9905613125315257,0.935235347734131,0.877658115271276,0.866053645384049,0.9857147373507906,0.9949958675259803,0.9496759086435674,0.9940498697292061,0.9977706147710856,0.9555066426595052,0.9494476318359375,0.9106941223144531
ISIC_0009977.png,0.8426253635630935,0.8839485141018361,0.902898001875496,0.7280489281821485,0.7920320211665338,0.8229845569682674,0.7280489281821485,0.8079551549334764,0.8662347099430786,1.0,0.9965356556167397,0.9909441083785259,1.0,0.9757213597710035,0.9428019960455701,0.9600257873535156,0.9688161214192709,0.9726130167643229
ISIC_0009980.png,0.9810065875001366,0.9417626272231459,0.9414321989924066,0.9627212261298774,0.8899351425776296,0.8893452059436423,0.9765691723446923,0.8903584007470489,0.8905135525855982,0.8975047786330527,0.9966110450999638,0.9906390453066074,0.9854845129117599,0.9994661119439547,0.9985269394484315,0.9668388366699219,0.9034347534179688,0.9028358459472656
ISIC_0009982.png,0.7241838005284417,0.8945666235446313,0.8912949477046114,0.5676239264154177,0.8092451726155646,0.803906274134256,0.5676239264154177,0.8296261735636343,0.9911542343508979,1.0,0.9961183428479183,0.9641009084105018,1.0,0.9705371265622563,0.8097156858931974,0.9422594706217448,0.9738845825195312,0.9677136739095052
ISIC_0009988.png,0.9889397245489313,0.9209459741779134,0.9420836661066895,0.9781214320854722,0.8534753146176186,0.8905086687145312,0.9851496586919039,0.853689613308812,0.8909082895596184,0.8572755007295397,0.9950126011407349,0.9910863509749304,0.9927590653003103,0.9997059637741114,0.9994965477560415,0.9790204366048177,0.8604634602864584,0.8957099914550781
ISIC_0009990.png,0.9723685525672339,0.9048185983759791,0.9577775668268603,0.9462230403676433,0.8261814864955186,0.9189761574319799,0.950084355054159,0.826393759167959,0.9192170907141275,0.8680093279626881,0.9916896332414671,0.9915200339198643,0.9957232078825964,0.9996891888463197,0.9997148649457815,0.9476229349772135,0.8313509623209635,0.9213854471842448
ISIC_0009992.png,0.9369273939820945,0.8935935206642466,0.9097129827339655,0.8813390437099775,0.8076539114274963,0.8343793591297912,0.9128684137643714,0.9958362232011608,0.9953841019000931,0.9584783737523319,0.7295695630791886,0.7760365295800032,0.9622888683167107,0.8103905610402119,0.8376203385914135,0.9339777628580729,0.8726018269856771,0.8938649495442709
ISIC_0009993.png,0.9544341471188312,0.9025581757526577,0.9137908237471902,0.9128398220817806,0.8224200643816894,0.8412659768715763,0.9592591757089038,0.9935978704685421,0.9977757224390353,0.9800438041243867,0.9183178791296542,0.9269901750571454,0.9496574149343863,0.826801422140795,0.8428466349323709,0.9741859436035156,0.9395345052083334,0.9469401041666666
ISIC_0009994.png,0.9273600761745378,0.9012557980876421,0.9105955540336158,0.8645586049670811,0.8202598898988606,0.8358654652137468,0.9984156939493488,0.99516941978674,0.9912785505152878,0.9696868789619094,0.9582510350951619,0.9635971894676502,0.8657463214249638,0.8235388629673903,0.8420580415751314,0.9743906656901041,0.9642957051595052,0.9681294759114584
ISIC_0009998.png,0.9419438586852601,0.8846446079121102,0.9041658453249228,0.8902588642553516,0.7931504291704723,0.8250936891020837,0.8956711464394002,0.8050325739572236,0.8457244120298287,0.99799216487591,0.9950523018214296,0.9917419957238356,0.9932581716979525,0.9817308533096823,0.9712837042962684,0.972588857014974,0.9478759765625,0.9554901123046875
ISIC_0010004.png,0.8705176779012767,0.8854524627720504,0.9191217078326446,0.7707227115195066,0.7944501541623844,0.8503470876352233,0.999463983837051,0.9880427163649858,0.9950109264833217,0.9905560242410247,0.992245915985615,0.9945865734952025,0.7710414148482728,0.8021624878652964,0.8539882511147285,0.9908307393391927,0.9921162923177084,0.9945996602376302
ISIC_0010009.png,0.9398024655756615,0.8895620983096132,0.871692794353407,0.8864409084727323,0.8010912604437035,0.7725668948944368,0.9480727272727273,0.8786285714285714,0.8417246753246753,0.9954680099199926,0.9936909713709879,0.9941650289107377,0.9316752429959977,0.9007711644156619,0.9038736165655124,0.9925676981608073,0.9866498311360677,0.9848365783691406
ISIC_0010011.png,0.9568208891698379,0.8847354507897289,0.8945974364776191,0.9172163046942146,0.793296488636905,0.8092956050571944,0.94194914413789,0.9907670031933673,0.833201102802626,0.9907005219199541,0.9141534020562141,0.9898129843834436,0.9721697654542756,0.7992048190843419,0.9657618097903866,0.9781990051269531,0.9337997436523438,0.949652353922526
ISIC_0010013.png,0.8053440711485949,0.8861347976138237,0.923262356829887,0.6741221900793546,0.7955494037478705,0.8574626908293401,0.6741221900793546,0.9915072056052443,0.9961384325486345,1.0,0.941602854104663,0.9616574067665435,1.0,0.801007718696398,0.8603223902492135,0.9375470479329427,0.9511667887369791,0.9682655334472656
ISIC_0010016.png,0.9420725388601037,0.8727034807641979,0.9268378571229995,0.8904887844059164,0.774156103449877,0.8636512788629259,0.904145283844532,0.9949277956796754,0.9947089947089947,0.9989526704864988,0.9805245613034158,0.9896367355920875,0.9833210747198546,0.7772235688980048,0.8676371081076392,0.9928919474283854,0.9814453125,0.9899609883626302
ISIC_0010018.png,0.9753004987353665,0.8997850859015497,0.8915997848750621,0.9517917179931277,0.8178266576570279,0.8044023924829008,0.9708455361360415,0.9947661785545583,0.8144260746339159,0.9968864883291065,0.9663508585299053,0.998061952857995,0.9797965351868272,0.8213608742794293,0.984930192171469,0.9933815002441406,0.9701754252115885,0.9733454386393229
ISIC_0010020.png,0.9101675195004096,0.9028097330573556,0.9273603545485841,0.835144424290951,0.8228378980913343,0.8645590888618594,0.8361646315858361,0.9913234115189756,0.874118570953334,0.9989325657973114,0.8210784897712164,0.9903382908662896,0.9985411822936001,0.8288068939575283,0.9875086253634975,0.9230295817057291,0.9004681905110677,0.9361419677734375
ISIC_0010023.png,0.951401138749495,0.8850802094588979,0.8855018393135763,0.90730704934669,0.7938510168783921,0.7945296551841703,0.9407896747601853,0.8136322157262554,0.8140120769677467,0.984836769220005,0.9897614105464468,0.9899246682370502,0.9622547136949473,0.9702843991793975,0.9707576152043739,0.972009023030599,0.9384676615397135,0.9386940002441406
ISIC_0010028.png,0.9589314505643106,0.9001832367351543,0.9168796595889296,0.9211030830622046,0.8184847392786849,0.8465168877180826,0.9930786994957146,0.9939337628848627,0.871902078409986,0.9818060683017064,0.9500897469058872,0.9930177691035499,0.9270544608906068,0.8225939464182231,0.9667500279944757,0.9839350382486979,0.9583702087402344,0.9701436360677084
ISIC_0010033.png,0.9316779611607838,0.8810805891364691,0.8910660580431431,0.8720946749101022,0.7874388276600648,0.8035339386138205,0.9968978866318569,0.9927959185417503,0.9975900937470624,0.9749841279325978,0.9544124347377935,0.9577840353144164,0.8744677661169415,0.7919640605081429,0.8050967274733611,0.9782447814941406,0.9601236979166666,0.9637069702148438
ISIC_0010034.png,0.966376988743484,0.9058152828907533,0.8877507129088273,0.934941442111196,0.8278449412854613,0.7981580417376857,0.9622037885177238,0.8331536225076244,0.991523342834876,0.9837879012712074,0.9964346836820498,0.8653054360191917,0.9705865460549932,0.9923619470676998,0.80364173370291,0.9760754903157552,0.9380912780761719,0.9104054768880209
ISIC_0010037.png,0.9238807560145971,0.9444521962484028,0.92692242046756,0.8585300942979225,0.8947507568029212,0.863798142974376,0.8604939506049395,0.9943774853283902,0.8646658411081969,0.9890956023084764,0.46921175944326704,0.9952114514508642,0.9973487333827808,0.8993004930494496,0.9988396103365308,0.8827934265136719,0.903313954671224,0.8873023986816406
ISIC_0010038.png,0.9249539594843462,0.9447482575912982,0.9282435285640139,0.8603854389721627,0.8952823479209141,0.8660955667664995,0.873115240752835,0.8968663539749451,0.874946268479487,0.9829481849259765,0.9979608985184354,0.9882224782883591,0.9833367658347532,0.9980311475106569,0.9884551715626434,0.9241409301757812,0.9438323974609375,0.9275716145833334
ISIC_0010041.png,0.9399134712720755,0.9311995638661826,0.9084540513903907,0.8866384448823686,0.8712567214461666,0.8322636830337398,0.8908975346216371,0.8716600662486402,0.8337412758363585,0.9761688193560124,0.9977032927051119,0.9911921654235644,0.9946370087336245,0.9994691735224454,0.9978750989761341,0.9052022298177084,0.8928044637044271,0.8601544698079427
ISIC_0010047.png,0.9542331994651244,0.8757888833973311,0.9230824314298047,0.912472263392819,0.7790252831193646,0.8571523562897809,0.9160076544324754,0.7924788750564407,0.9977939753596078,0.9983733144125065,0.992749423618897,0.9311123026898989,0.9957880269641071,0.9786726711735872,0.8587798125749478,0.9740180969238281,0.9335301717122396,0.950829823811849
ISIC_0010055.png,0.8577206530249059,0.9094706618885195,0.9238134318150731,0.750885197474911,0.8339717512446675,0.8584138281647179,0.750885197474911,0.8523895273551311,0.9907433635480738,1.0,0.9925841124035221,0.9482348624850527,1.0,0.9747454881999075,0.8653541985137535,0.9373766581217448,0.9573415120442709,0.9589207967122396
ISIC_0010058.png,0.9594601043745806,0.8864611043830699,0.9287037955808958,0.9220791133605641,0.7960755640169596,0.8668973079060546,0.9824141836306461,0.9952054361385939,0.9954066468522021,0.9814166877556185,0.9289598928953362,0.9578993771276031,0.937554177867998,0.7991404461186202,0.8703791207134024,0.9816373189290365,0.9436124165852865,0.9661954243977865
ISIC_0010059.png,0.9367956597543514,0.876421335538557,0.927103386319051,0.8811059401223936,0.7800266801600809,0.864112510466686,0.9368047844466523,0.990999941558062,0.985077825180683,0.995585628602406,0.9811127480788302,0.9902244459589796,0.936786535239802,0.7855918461894834,0.8755735632780981,0.9917488098144531,0.9817581176757812,0.9898885091145834
ISIC_0010061.png,0.9596865641264211,0.879993636779415,0.9155467386602628,0.9224975195293394,0.7857041403309424,0.8442473007358503,0.9873169710294492,0.9928209269978014,0.9180389165582328,0.9934711098696306,0.9755062391341508,0.9918784942695023,0.9335605492780472,0.7901935576030283,0.913068055039048,0.9929478963216146,0.9769783020019531,0.9856007893880209
ISIC_0010062.png,0.9370946150898091,0.9295628113958871,0.9127143642632111,0.8816350245219501,0.8683954755047975,0.8394430444624781,0.8822078965817958,0.9915442622390178,0.8401822814247363,0.998115285038339,0.5886708791699319,0.9974457152493279,0.9992639995041681,0.8748743961206884,0.9989529583501063,0.9119237263997396,0.8882573445638021,0.8805007934570312
ISIC_0010073.png,0.9051601686967681,0.9083564277642985,0.8707206824553011,0.826751222248938,0.8320998271477673,0.7710410249507083,0.8405504325506227,0.992102725680062,0.9918175274673041,0.9900060988005692,0.8848648099207156,0.8285525513315715,0.9805295364081035,0.8376480975573399,0.7759770704223855,0.9340324401855469,0.9250272115071615,0.8896980285644531
ISIC_0010077.png,0.9560881641865827,0.8680294025233773,0.8888778446955492,0.91587060457227,0.7668303438785244,0.7999821085846264,0.9935898732129497,0.9915778618081815,0.9945706023901483,0.9877924616669043,0.9578372308829048,0.9650078687933257,0.9213143955374302,0.7718576116983181,0.8034910599785995,0.9885215759277344,0.9620806376139323,0.968725840250651
ISIC_0010088.png,0.9558954724555795,0.8748672048182693,0.9266326978356064,0.9155170265411111,0.7775679533694165,0.8632950677434426,0.9797687310689044,0.9961899681862344,0.9856361800621035,0.9949805092793815,0.9798906993632985,0.9898642802739738,0.9331579424838973,0.7798872516852592,0.8742945013349556,0.9939651489257812,0.9809786478678385,0.9895820617675781
ISIC_0010089.png,0.9645415305100139,0.8975154483218379,0.9293311859547281,0.9315115564075668,0.8140843760174892,0.8679912721502248,0.975529839580295,0.9944506524744787,0.994526411485066,0.9965991169971907,0.9840546976485518,0.9895083781672853,0.9537980074812044,0.8177995140489689,0.872157722523959,0.995184580485026,0.9847526550292969,0.9898452758789062
ISIC_0010092.png,0.9647741030463588,0.8804425182705663,0.9113269371699083,0.93194548734281,0.7864201103015318,0.8370988208350097,0.9946847220303072,0.8262355488001474,0.9966376491179586,0.9892192831442872,0.9918923344500551,0.9694797138713955,0.9366098225283209,0.9422616296171786,0.8394695799936375,0.9899737040201823,0.9690259297688802,0.9732284545898438
ISIC_0010100.png,0.9315797942263147,0.8821198340676839,0.9129919411207792,0.8719226659998636,0.7891005323741412,0.8399127620655692,0.8730812238057708,0.7983417790309594,0.849206597602579,0.9989263652059562,0.9905373001878286,0.9910591740598799,0.9984804162423004,0.9855427780626761,0.9871375085992485,0.9426854451497396,0.9046440124511719,0.9276644388834635
ISIC_0010103.png,0.8642245559588795,0.8936520748424728,0.9277435329210953,0.7609114640513308,0.8077495826778273,0.8652254021358352,0.772215207110847,0.8326586446804823,0.8836378716977394,0.9961592379928178,0.9920272182000909,0.9944981084247114,0.9811255465727138,0.9642875063618703,0.9764834638667533,0.9501546223958334,0.9592882792154948,0.9717241923014323
ISIC_0010171.png,0.9453007484080681,0.8865416198461405,0.9215822056099718,0.8962751675240682,0.7962054403179729,0.854568804784267,0.896641531028952,0.9981975528763241,0.8600281072748012,0.9998017218100343,0.8769410018524848,0.9969011951453945,0.9995443262103564,0.7973518006573853,0.9926266742751361,0.9661064147949219,0.9165471394856771,0.9521942138671875
ISIC_0010173.png,0.8451622191103142,0.8781795847439854,0.9244403597452898,0.731844968268359,0.7828165478193521,0.8594970703125,0.732783369455445,0.9977986315204194,0.8788566500618425,0.999838179592012,0.9653417919104117,0.997157402567646,0.9982532346075961,0.7841708654746511,0.9750113298756231,0.9699122111002604,0.9689788818359375,0.9839007059733073
ISIC_0010175.png,0.9365124076921422,0.9321307578155997,0.9193634565825783,0.8806049214545429,0.8728884782830358,0.8507610280096295,0.881351006208992,0.9952089479941874,0.9941027786340217,0.9978007105396718,0.6362393521926596,0.5626385986731106,0.9990396249545769,0.8765719977286902,0.8550765039823887,0.9137357076009115,0.895379384358724,0.8741124471028646
ISIC_0010180.png,0.8652893288898879,0.889620136242928,0.8787424694212864,0.7625638419733521,0.8011854008526568,0.7837115430277127,0.7625638419733521,0.9954180195853825,0.994970156838089,1.0,0.9580084287472495,0.9533092156789617,1.0,0.8041510405432672,0.7868288596317965,0.9649454752604166,0.963531494140625,0.9594599405924479
ISIC_0010183.png,0.8500505087836007,0.8765700789553302,0.9181774442863431,0.7392068219313094,0.7802623577447658,0.8487320211960636,0.760788551015458,0.990275419524135,0.9889302961476548,0.9982134254867538,0.9835295101898168,0.9898918204843452,0.9630425680390788,0.7862870749728613,0.8568726355611601,0.9845225016276041,0.9839185078938802,0.9898363749186198
ISIC_0010187.png,0.9608437697105022,0.8875256992007396,0.9245231114489448,0.9246384149983121,0.7977943387663825,0.859640147818068,0.9719175301346635,0.9956363164915848,0.8714333966789605,0.9696208022605513,0.8526648436850714,0.991849285773649,0.9500195092994327,0.8005936785850477,0.9845011736863001,0.9704767862955729,0.9059499104817709,0.9469706217447916
ISIC_0010190.png,0.988570284493379,0.9174345728211213,0.949183491505136,0.9773988932075308,0.8474633955491431,0.9032818611354879,0.9843510350668362,0.8478962517571252,0.9046830480702909,0.9507407034163056,0.9964627632772347,0.9892572810641943,0.9928258597813707,0.9993979695623015,0.9982882816338721,0.9801101684570312,0.8666419982910156,0.9153544108072916
ISIC_0010192.png,0.9444828290888566,0.9018778520518251,0.8839044708118363,0.8948057455792598,0.8212910136973111,0.7919613041141553,0.8956645318469574,0.8395870631156064,0.806851110167771,0.999749955520934,0.9941960829570645,0.9951016927690662,0.9989296006587073,0.9741523306445856,0.9772286966111293,0.9782371520996094,0.9622408548990885,0.9561932881673177
ISIC_0010193.png,0.7609780303442275,0.9038586253807189,0.8830766100716025,0.6141763818406254,0.8245821627658685,0.790633107010333,0.9938948240655796,0.9919534787369418,0.7963866118197153,0.5342145981690977,0.8470799648623701,0.9945175487490023,0.6165022523597461,0.8301348014631766,0.9909451109490879,0.7317276000976562,0.9093284606933594,0.9093856811523438
ISIC_0010201.png,0.9758987828093167,0.9097121571438027,0.927704193619229,0.952931962610497,0.834377970097011,0.8651569726365248,0.9838359487302348,0.9946593994569558,0.9962441103657562,0.9663104571096731,0.8004448730711797,0.8425989298158287,0.9680886592571128,0.8381328095756806,0.8679880760056793,0.9752400716145834,0.8994013468424479,0.9208844502766927
ISIC_0010202.png,0.9818618640481597,0.9330263425204849,0.9509696619403076,0.9643699900605662,0.8744605229753745,0.9065225546281535,0.9944311105703826,0.87624014245739,0.9978469172943419,0.9306836534756553,0.9954745566787181,0.7759823573296605,0.9696063929025266,0.9976828385228096,0.9082992147123968,0.9746564229329427,0.9132270812988281,0.9290237426757812
ISIC_0010206.png,0.9658964091117967,0.8802132009345794,0.8946735207262386,0.9340422155213458,0.7860542753935031,0.8094201464476548,0.9720543058170648,0.9955570970832095,0.878175271694249,0.9966055275897318,0.9777692364916805,0.9929148654196389,0.9598160409667634,0.7888214201586097,0.9118035429492566,0.9947153727213541,0.9791386922200521,0.9840812683105469
ISIC_0010207.png,0.9200449076220926,0.8669585427814712,0.922781441629064,0.8519288571493141,0.7651604778078845,0.8566334421721945,0.9357809552179526,0.9954076059974183,0.9899215569456856,0.9946860408390829,0.9837538933294735,0.9915995218106863,0.9048293408861793,0.7678711629421114,0.86417024227452,0.991668701171875,0.984350840250651,0.9915135701497396
ISIC_0010215.png,0.9437721170633242,0.9010585193736688,0.9029853397275621,0.893530773339664,0.8199331222442517,0.8231296922716698,0.9015029940119761,0.9954970059880239,0.989377245508982,0.9975945705097573,0.9422729209985923,0.9455485024990636,0.9902000118389118,0.8229854558775482,0.8304692015782463,0.9771893819173177,0.9535751342773438,0.9548556009928385
ISIC_0010216.png,0.875307680324038,0.8984638003191019,0.8796815951611876,0.7782641216721611,0.8156461862800115,0.7852067692199997,0.7819684907866169,0.9979402104325558,0.8325910668225426,0.9992440919820704,0.9645062137701981,0.9904163240767755,0.9939499009340503,0.8170216644890766,0.932418250397448,0.9694671630859375,0.9690882364908854,0.968786875406901
ISIC_0010229.png,0.9276790271397821,0.9014485488208299,0.91155776691581,0.8651131989569968,0.8205792708691316,0.8374884207982601,0.9996447262342347,0.9951218179085307,0.9944795922550319,0.9644396046657688,0.9513597035305734,0.9571341080451079,0.8653792695549313,0.823893429872444,0.8414000404635972,0.9709917704264323,0.9595044453938802,0.9640846252441406
ISIC_0010231.png,0.8865677380147711,0.9419575381152476,0.9320905774227948,0.7962475745350125,0.8902833034104172,0.8728180103265346,0.796338050762869,0.99764722657921,0.8783019036075859,0.9998489336492891,0.8396712085308057,0.9916469194312796,0.9998573318824079,0.8921564525416266,0.9928972621716243,0.8837013244628906,0.9298311869303385,0.9269587198893229
ISIC_0010234.png,0.8881826285802876,0.8620612355457585,0.889204736432694,0.798856585093774,0.7575638184355249,0.8005118185119222,0.8202007909948281,0.8258379713309114,0.8285044471089318,0.9979563426609706,0.9931065918557586,0.9973253138375997,0.9684521922873746,0.9016079557665632,0.9595025906735751,0.9853261311848959,0.9812215169270834,0.9853299458821615
ISIC_0010238.png,0.943706298360612,0.8955986822285498,0.8748640173419058,0.8934127855689776,0.8109359051071768,0.7775629175729234,0.8951047941993434,0.9973449731250676,0.7905414667580535,0.9989690154785142,0.8748640082321659,0.9909135897506393,0.9978886578700781,0.8126903314559842,0.979322795869028,0.9623578389485677,0.9180374145507812,0.9202842712402344
ISIC_0010254.png,0.9360550126673906,0.8902338592661342,0.9072715675330888,0.8797964404288903,0.8021814926498304,0.8302809193724918,0.9444363296427215,0.9947416084835383,0.9972539510969589,0.99665647878692,0.9890760581280801,0.9908481908426072,0.9278211456778785,0.8055976152171855,0.8321835157602204,0.9943834940592448,0.9893226623535156,0.9911270141601562
ISIC_0010255.png,0.9229901905513587,0.9013352979095681,0.8810483506552191,0.8569932998324958,0.8203916046402467,0.7873873291764933,0.996186921953594,0.9925766672075288,0.9886418951809184,0.9947438893118749,0.993208012812098,0.9917285830554753,0.8598137385337161,0.8254562628613838,0.7945750334170117,0.9947891235351562,0.993188222249349,0.991631825764974
ISIC_0010257.png,0.814506404712151,0.9397244692680525,0.9268620185115796,0.6870609912610967,0.8863021375390281,0.8636932384277751,0.6953395037331398,0.9944380169446461,0.8643278551872319,0.9708132430503577,0.7044596076520044,0.9982201604901739,0.9829666952798419,0.8907175752348525,0.999150615232854,0.7758331298828125,0.9097061157226562,0.9034512837727865
ISIC_0010261.png,0.8805384420626213,0.8877745860087868,0.8854888310634991,0.7865731840627238,0.7981966378766816,0.7945087099561849,0.9851195815354401,0.9921254638328407,0.9896044792325632,0.9607153930591414,0.9621877943516806,0.9617836922005346,0.796031098123889,0.8032857066409803,0.801195563267771,0.9640019734700521,0.9662195841471354,0.9655303955078125
ISIC_0010326.png,0.9678760196344123,0.8978754287871589,0.920908916041515,0.937751702360003,0.8146768997256681,0.8534116625848653,0.9738271515764383,0.9963631767127741,0.9942034743038752,0.97909495193723,0.8788107751667183,0.9103508641093374,0.9619971815408765,0.817106689492172,0.8576791862041032,0.977240244547526,0.9201990763346354,0.939874013264974
ISIC_0010331.png,0.9708705368816308,0.9279142464146649,0.9299464749912091,0.9433900900473613,0.8655224111611194,0.8690653815504876,0.9683165872393547,0.9916927319228248,0.9954847268320586,0.928069369962087,0.6031532661532709,0.6039910447619904,0.9734379943125112,0.871843588740248,0.8725046782520709,0.9575042724609375,0.8873125712076823,0.8903109232584635
ISIC_0010336.png,0.9025853962360929,0.8937549065158531,0.9291478380764854,0.8224652680403652,0.8079176231199808,0.8676714406660082,0.8257587607763919,0.9972693103556154,0.8794250803341184,0.9984076178424999,0.9068012134805102,0.9946132697328317,0.9951740259180661,0.8097088717373713,0.9848302094542178,0.949286142985026,0.9325408935546875,0.9618403116861979
ISIC_0010340.png,0.955217569735484,0.8950776448692348,0.9086219616639075,0.9142741513117174,0.8100819398873546,0.8325455797600493,0.9931685451371679,0.9949572225933668,0.9899834062452859,0.9638881924616308,0.9044942705580817,0.9208628162556343,0.9200602113786729,0.8134216600010571,0.8396182274113011,0.9725265502929688,0.931182861328125,0.9412549336751302
ISIC_0010346.png,0.8955959834103635,0.9049331126905326,0.8989299798811717,0.8109314797459127,0.8263724555802382,0.8164149086396508,0.812426102378634,0.9912496522464876,0.8293399638336347,0.9992379363892563,0.9175048168171622,0.9934541611548858,0.9977365057841886,0.8324450415063482,0.981268322789693,0.9445915222167969,0.9390767415364584,0.9454472859700521
ISIC_0010347.png,0.805921748764487,0.9025551345574663,0.9296835478612782,0.6749321059407953,0.822415014164306,0.868606238840458,0.6749919197606163,0.8475128501871487,0.9915756988103802,0.9999714096393242,0.9901548252119892,0.9543277397133564,0.9998687238412949,0.9652435150716325,0.8750638321364329,0.9207026163736979,0.9553616841634115,0.9634132385253906
ISIC_0010348.png,0.797981611341422,0.8943324644274353,0.9163923312898395,0.6638680563214587,0.8088620092877281,0.8456864580707881,0.6638680563214587,0.9901244439542664,0.8634700930112863,1.0,0.9142704949158263,0.9919553324051025,1.0,0.8154406866900812,0.9762253603084053,0.9069913228352865,0.9352595011393229,0.9564030965169271
ISIC_0010360.png,0.8665506429385531,0.8668977822353527,0.8954532834062479,0.7645252410616308,0.7650658242868368,0.8106975195831323,0.7645252410616308,0.9953686125448014,0.9957816822367516,1.0,0.8680488621212481,0.8999255618979338,1.0,0.7677990376723902,0.8134912654452493,0.9282379150390625,0.9068501790364584,0.92913818359375
ISIC_0010368.png,0.9732097097330289,0.848264921673607,0.8805730952915157,0.9478174062982122,0.7365104507420543,0.7866284896206156,0.9811178957256929,0.7728077465043177,0.7941034071611808,0.9924974577461203,0.9894760719515714,0.9979708261900757,0.965427990386393,0.9400518612930163,0.9881752047982592,0.9904950459798177,0.9513498942057291,0.96209716796875
ISIC_0010369.png,0.976327616098029,0.9055770709919441,0.926166522338244,0.9537500781026482,0.8274470928827535,0.8624861690426594,0.9563226046842902,0.8298276447642192,0.864902116602752,0.990905755611638,0.9902998432410197,0.9905555493790787,0.9971874666914224,0.9965450128398806,0.9967717724850131,0.9642333984375,0.8665351867675781,0.8936449686686198
ISIC_0010373.png,0.7665414707333528,0.8662669392715702,0.8856213188352073,0.621457027168234,0.764083688902032,0.7947220579538734,0.621457027168234,0.7874706112852664,0.994682819575061,1.0,0.9906684719124986,0.9232903260061591,1.0,0.962585735479021,0.7981126555137795,0.9115562438964844,0.9431927998860677,0.9399706522623698
ISIC_0010374.png,0.9541893159984611,0.8985960144927536,0.9225132066277574,0.9123920137701108,0.8158641391504585,0.85617124247114,0.9990308896492475,0.8257474189261901,0.8666878721487793,0.9290220224379556,0.9909452694310074,0.9908186143040301,0.9132002565161627,0.9855419036434403,0.9860253383748537,0.9589678446451823,0.9202829996744791,0.9377225240071615
ISIC_0010377.png,0.9527034051607627,0.8917106515531712,0.8922725125017941,0.9096787002415538,0.804582894171839,0.8054982137501929,0.9847124814637047,0.8120903210092342,0.9909449749625692,0.9546022671266634,0.9948644652538197,0.8732873336619024,0.9227097891535937,0.9886406251362689,0.8114710100930106,0.9652913411458334,0.9299799601236979,0.9150555928548177
ISIC_0010378.png,0.8024171881587541,0.8507824233322029,0.9205294539350597,0.6700306485904409,0.74031448927111,0.8527601399507581,0.9192552466095917,0.9978596863398742,0.9971588756723995,0.9732319569922959,0.9749644237741878,0.987814120353963,0.7119302929398131,0.7414919071076707,0.854837138310655,0.9696083068847656,0.97650146484375,0.9884414672851562
ISIC_0010379.png,0.7240331251454455,0.878574928892953,0.8709375654011311,0.5674388100615676,0.7834450571232926,0.7713812263274494,0.8826836775047714,0.9967273623457533,0.9898324707554578,0.8416027322270428,0.9223815476628183,0.9192571349200513,0.6137243962700247,0.7854655495585013,0.7775421630333973,0.8507169087727865,0.9388758341471354,0.9349149068196615
ISIC_0010437.png,0.8695932551529771,0.8661112764058316,0.9140111156954591,0.7692746519047519,0.763841511414327,0.8416394761542931,0.9575520079951608,0.9952660231964864,0.9904531467795807,0.9875656225406162,0.9846073470522134,0.9910169439437527,0.7964344307120201,0.7666268257601847,0.8485230831624722,0.986114501953125,0.9851226806640625,0.9909896850585938
ISIC_0010444.png,0.8252421850678484,0.8489657665886472,0.9084803712070334,0.7024785658612627,0.7375677820394128,0.832307864414364,1.0,0.9900142020237884,0.9905911592401917,0.9875075271632413,0.9899044377536327,0.9943906270454248,0.7024785658612627,0.7430960391751891,0.8389400488629957,0.9878654479980469,0.9899075826009115,0.9942817687988281
ISIC_0010448.png,0.9335019757329402,0.8713440300062513,0.9470612585590293,0.8752964885935726,0.7720191565646681,0.8994457334364527,0.9925855848335605,0.7756810150532847,0.906077891241641,0.7079527950611894,0.9896622962882105,0.9839294594234012,0.881057094636315,0.9939222514053456,0.9919277539051394,0.9030634562174479,0.8429819742838541,0.9305636088053385
ISIC_0010449.png,0.9014654981957434,0.8843726399827382,0.9208404449414396,0.8206073607293691,0.7927132944902449,0.8532940663176265,1.0,0.8035863083081448,0.9905767502655012,0.9011838733262926,0.993799989660495,0.9272763528134532,0.8206073607293691,0.9832177198488695,0.8602771895097925,0.93194580078125,0.9345855712890625,0.9469820658365885
ISIC_0010451.png,0.6772835532668169,0.9027784021020886,0.8736651892032721,0.512039866850947,0.8227858472998137,0.7756709468876961,0.5978181818181818,0.8368106060606061,0.9907727272727272,0.96621039313481,0.996561904063371,0.9440659992176421,0.7811135857461025,0.9800370866567887,0.7813151558962166,0.9043769836425781,0.9697481791178385,0.9519055684407552
ISIC_0010452.png,0.8849802147035992,0.876811106153341,0.9182683340538003,0.7936901446716023,0.7806443875619784,0.8488873562285737,1.0,0.9902918621843786,0.9947655926860924,0.905093448453635,0.9019463871284671,0.9372566582131704,0.7936901446716023,0.7866646524538776,0.8526961823101751,0.9304771423339844,0.9255752563476562,0.9526379903157552
ISIC_0010454.png,0.8985122955770213,0.883262539120775,0.909238180005779,0.8157261238315071,0.7909312350150487,0.8335808637036785,0.9857454921641887,0.7953604986192214,0.8373652351598369,0.6939136166739909,0.9917760060267437,0.9933329148094671,0.8254632215014963,0.9930083179667548,0.9946075905018444,0.8675257364908854,0.8749275207519531,0.9005470275878906
ISIC_0010456.png,0.6901787621964247,0.8521097046413502,0.8749063382581798,0.5269259210926965,0.7423267781657783,0.777629781420765,0.9545329183247311,0.9548087151806469,0.8970883731925456,0.9729361107205693,0.9904539905998415,0.9948768216584697,0.5404917008745315,0.7693577573891235,0.853794810259487,0.9723421732584635,0.9893035888671875,0.9917208353678385
ISIC_0010460.png,0.9398038126041972,0.9016440454540626,0.9287749129616087,0.8864433052835914,0.8209033161993502,0.8670212490349591,0.9776274903089698,0.9925095871049541,0.869503652972782,0.9013996114957414,0.7996214573890521,0.997255566070628,0.9047978589617504,0.8260207711219563,0.9967179621582823,0.9387067159016927,0.8940238952636719,0.9347318013509115
ISIC_0010463.png,0.9826959018471462,0.8988093698540379,0.8738020357191285,0.9659804807937501,0.8162159622942862,0.7758867121351003,0.9900683100683101,0.8256766656766656,0.791074151074151,0.9882058111244093,0.9945177718216843,0.99074183331554,0.9754324773519979,0.9861562400972421,0.9758535286675232,0.9888038635253906,0.9403025309244791,0.9266281127929688
ISIC_0010474.png,0.9348685693212317,0.8567992335446522,0.8930211039538773,0.8777025467415558,0.7494739845226632,0.8067191769811928,0.9074998508382888,0.835942005926692,0.9981106183250135,0.9976811822574445,0.9921198232427858,0.9837954441412156,0.9639394131440522,0.8787238935462965,0.8079529904209933,0.9919153849283854,0.9821345011393229,0.984710693359375
ISIC_0010477.png,0.9564001383929047,0.9305028753211795,0.9306252250996735,0.9164433357820622,0.8700377531174923,0.8702517087018576,0.9858028007930448,0.8721686508497583,0.8707343205547543,0.6786147913914795,0.9895995943908524,0.9976450653110782,0.92870061213133,0.9971996896128064,0.999363510967265,0.9272511800130209,0.8945515950520834,0.8949241638183594
ISIC_0010483.png,0.896070130673471,0.8801075243192747,0.9022157925757066,0.8117092902107392,0.7858857376323585,0.8218516776558077,0.994017304785084,0.9899216245483494,0.9929558588598569,0.9697791140034884,0.9650659368719912,0.9719863870402777,0.8156943136927124,0.7922243959362988,0.82667142729626,0.9726537068684896,0.9680137634277344,0.9744733174641927
ISIC_0010494.png,0.9454538696698538,0.8826452031720036,0.9154715496584529,0.8965505087708786,0.7899417496373592,0.8441194413757852,0.9862782122515131,0.8065883192263998,0.99249353459139,0.951161827060798,0.9897165864743313,0.9142247895542467,0.9078748251149245,0.9745389130669015,0.8495431600118151,0.9626782735188802,0.9296595255533854,0.9398930867513021
ISIC_0010498.png,0.7400097502778223,0.871924069692407,0.9074430270669519,0.5873138704374826,0.7729303021780272,0.8305681530097744,0.5873138704374826,0.7793313274438367,0.9920597537177848,1.0,0.9970209793595192,0.9300578514397159,1.0,0.9894853111688819,0.836126471005246,0.8908220926920573,0.9394302368164062,0.9464607238769531
ISIC_0010552.png,0.9225244834884103,0.8898598770310121,0.9296088374801422,0.8561906691626319,0.8015743766211669,0.8684758152260027,0.9996963276836158,0.8151235875706214,0.8709322033898305,0.9056757121963627,0.9904874888719318,0.9984082888210607,0.8564134054891237,0.97968425073208,0.9967629693391366,0.9395332336425781,0.927337646484375,0.9525032043457031
ISIC_0010553.png,0.9704056991624604,0.8991103614126025,0.9045984289360691,0.9425126949256312,0.8167125294832392,0.8258144344794573,0.958135405511775,0.8366786567451056,0.8368800168410262,0.9973256543729464,0.996055672462805,0.997838077306457,0.9829943470993671,0.9716104757450789,0.9842409498487604,0.9918810526529948,0.973913828531901,0.9754765828450521
ISIC_0010556.png,0.9445703534241303,0.8974063848266804,0.922958135650012,0.8949628774296798,0.8139049351248191,0.8569380320300101,0.9206203666560737,0.9931284546576991,0.9901589468145516,0.9907431860732303,0.9288993256302557,0.9498032737799862,0.9697997442609636,0.818514383855732,0.8642992592188374,0.9736277262369791,0.9445762634277344,0.9596532185872396
ISIC_0010565.png,0.9673182535961239,0.8978199098569469,0.9206150196958787,0.9367050952189593,0.8145854909612983,0.8529070132479437,0.9698428651709678,0.9902682315307137,0.8808358189599274,0.98911315533916,0.933629657713746,0.9899229756155964,0.9648067515992045,0.8211590852062945,0.9641570701066415,0.9845784505208334,0.9469579060872396,0.9642524719238281
ISIC_0010574.png,0.9200172336095003,0.9047312520115868,0.892553360211688,0.8518814024082685,0.826035850719953,0.8059560868614845,0.8606105526474267,0.9896511789502942,0.9906610459999073,0.9983699264698296,0.9684906491848896,0.9635429486055207,0.9882335418528448,0.833233226986591,0.8121264136469624,0.9794629414876302,0.9713948567708334,0.9672648111979166
ISIC_0010582.png,0.8461025109827347,0.895731561172241,0.9115753053267577,0.7332562199293206,0.8111538188333163,0.8375180293023609,0.9991104321172682,0.9937440171725278,0.8534146836715948,0.9451004449415895,0.9659156294700963,0.9971259613681185,0.7337352477525457,0.8153172449902423,0.9782430395460188,0.952203114827474,0.9695752461751302,0.9782269795735677
ISIC_0010584.png,0.8592583233305957,0.8692514056815258,0.8870913637472554,0.7532453147844579,0.768739762356673,0.7970927126005288,0.9555162142415556,0.830846400269769,0.8174422525712359,0.9732796465620893,0.991960965243408,0.997459665016917,0.7806193897931542,0.9113789436370081,0.9697146476431762,0.9716720581054688,0.977380116780599,0.9811681111653646
ISIC_0010587.png,0.9647039150519429,0.8826008318944506,0.9065741504035831,0.9318145109187234,0.789870672081152,0.8291135157799674,0.983028464808772,0.825274978061394,0.8760532660833411,0.9903580999582996,0.9921367173896473,0.990068140477895,0.9470500361153064,0.9484852045512406,0.9392984379281996,0.989264170328776,0.9672330220540365,0.9730517069498698
ISIC_0010588.png,0.9852277450841793,0.9140618947579487,0.9248921278721729,0.9708855758634313,0.8417255922281206,0.8602784444705527,0.9801285208902423,0.8420707200752318,0.8607359164390309,0.9053034521158129,0.9959214922048998,0.9947104677060133,0.9903803052906199,0.9995133132900353,0.9993825706184856,0.9732933044433594,0.8561248779296875,0.8729743957519531
ISIC_0010591.png,0.9152930885315405,0.9015661912678274,0.9154424179687624,0.8438160380968078,0.8207742552174606,0.8440699075232647,0.9854875189913448,0.9917159926028283,0.997064505262579,0.9618984322223626,0.9527357711971368,0.9588655336980925,0.8544333977064111,0.8264404099661417,0.8461726954492416,0.9662615458170573,0.9599456787109375,0.9659309387207031
ISIC_0010592.png,0.858000858000858,0.88816773428902,0.9210929593754518,0.7513148009015778,0.7988324873096446,0.8537278233370853,0.9970089730807578,0.9806206380857427,0.9925224327018943,0.9931878128310038,0.9952595069471848,0.9966133772248645,0.7530120481927711,0.8116457785342205,0.8592544640448833,0.9932657877604166,0.9949607849121094,0.9965298970540365
ISIC_0010596.png,0.9297005441376079,0.9152496199010964,0.916989745676439,0.8686359121695556,0.8437421518281906,0.84670458291199,0.8691211768173716,0.990303608775599,0.8509046502814311,0.9995374427323885,0.856174907081775,0.9958927703926158,0.9993576355824696,0.8507706741077135,0.9942041250098402,0.9404652913411459,0.9169286092122396,0.9302202860514323
ISIC_0010597.png,0.9710312550433052,0.8664557445184274,0.9278202824450579,0.9436936348189779,0.7643775179737682,0.8653589200147438,0.9827068604804903,0.9930897438888759,0.876443687440211,0.9799141471967473,0.8546246018160588,0.9937764275106844,0.9596298293447965,0.7684648276816692,0.9855952771400459,0.9808273315429688,0.8999010721842448,0.9554100036621094
ISIC_0010598.png,0.9396723695718399,0.9009307252847035,0.9131950170971183,0.886209453197405,0.8197215098366581,0.8402565607106003,0.9975172126017108,0.9936365533069059,0.8664302107239724,0.9918483633084271,0.9862302336351154,0.997978339936791,0.8881685274284334,0.8240474789770564,0.9652960182236582,0.992193857828776,0.9866816202799479,0.9899609883626302
ISIC_0010599.png,0.9482780750167472,0.8838025152665995,0.8891508202646533,0.9016433455372218,0.7917976230502727,0.8004244288828555,0.9884900736048796,0.7941775900999971,0.8115707750505851,0.9488400074762862,0.9984035013940159,0.9926035387754466,0.9112098531821792,0.9962295036739348,0.9831307004378291,0.9625943501790365,0.9275588989257812,0.9298044840494791
ISIC_0010604.png,0.8688796167516613,0.8921882453222674,0.961943495949984,0.7681583937656773,0.805360876119074,0.9266773939539183,0.7703411821766497,0.8059445876959584,0.9271230376749959,0.9633296792673008,0.9906467696877541,0.9937939813996252,0.9963248193420116,0.9991015121431738,0.9994815622258262,0.7842203776041666,0.8192278544108073,0.9319178263346354
ISIC_0010606.png,0.9653497686222334,0.8848233069691885,0.9047675381521353,0.9330203960199663,0.7934377686503009,0.8260963491034781,0.980933779115433,0.8083229649606929,0.8505633675547555,0.9885023305035289,0.9957996467283465,0.9933687642495311,0.9502531781943546,0.9773174216320699,0.9663505200230594,0.9871177673339844,0.9615033467610677,0.9672444661458334
ISIC_0010607.png,0.9174841624121248,0.8819692517769839,0.8869203295930707,0.8475480270630649,0.7888595668578657,0.7968165740272866,0.9447839251307459,0.9955959262317644,0.8680979906413433,0.9944434223612255,0.9873070595732314,0.9956672559198616,0.8917177595344488,0.7916219824473091,0.906576980568012,0.9921493530273438,0.9876899719238281,0.9897740681966146
ISIC_0010846.png,0.8751789741445171,0.8774684162663043,0.8913231744894109,0.7780606461182564,0.7816870625125066,0.8039522013810666,0.9974137994734004,0.9910246526486388,0.8086630328496728,0.6991280941879079,0.7141978440242778,0.9937465663944316,0.7796335086597922,0.7872604361309763,0.9928061034723629,0.8531201680501302,0.8571116129557291,0.8981959025065104
ISIC_0010847.png,0.8042921564112788,0.8964149376200824,0.8807876674097704,0.6726493940169596,0.8122753453068076,0.7869710168144187,0.8738384473175226,0.8148623830820576,0.7943006888472638,0.7862300986834933,0.997723694940236,0.9933433339583724,0.7449997659188207,0.9961066712412037,0.9884101434970769,0.8227462768554688,0.9215049743652344,0.9103800455729166
ISIC_0010854.png,0.8154296024388726,0.8971220353036155,0.8795086825243489,0.6883758062144163,0.8134372650654849,0.7849312786339026,0.6883758062144163,0.8637996596567155,0.9898422235761255,1.0,0.9914732203566375,0.9640469074148552,1.0,0.9331184894355808,0.7913052240874012,0.9622777303059896,0.9760182698567709,0.967169443766276
ISIC_0010856.png,0.9122668392311797,0.8859646789722858,0.9140008479560157,0.8386862441394916,0.7952752145730623,0.8416220641017568,0.9987173495868672,0.9936215485269406,0.9967237727819593,0.9344235126075116,0.9142863488960953,0.9366651517377829,0.8395905863275226,0.7993560772707275,0.8439567933455691,0.9508679707845052,0.9345779418945312,0.9520263671875
ISIC_0010863.png,0.8931022132116911,0.8799418770491528,0.9270109923398441,0.8068515664874977,0.7856216200020972,0.8639519936568195,0.9997337206487533,0.7934307673686759,0.8704248366013072,0.8267295680247043,0.9927952942414991,0.9945696038179458,0.8070250003053286,0.9876270254389864,0.9914660122564056,0.8994305928548177,0.9090169270833334,0.9424006144205729
ISIC_0011080.png,0.6485774004048309,0.9107659021770212,0.9274905721745093,0.47992197303724105,0.8361525809716599,0.864785472380409,0.7393086692767391,0.9942270010869034,0.9920381506846739,0.7239227031980313,0.903432787937119,0.9248356030960216,0.5776817147928507,0.8402320222487087,0.8708295092142013,0.7291247049967448,0.9341303507486979,0.9475568135579427
ISIC_0011081.png,0.8539311564821488,0.882659966839238,0.9259109632285321,0.7450958651497865,0.7899654005435975,0.8620430257920382,0.9718707064863692,0.7942196223801241,0.8679091611449623,0.8472925311401407,0.9972979733845605,0.9965857077113739,0.7615185041600812,0.993265015683232,0.9922204044693516,0.8889147440592448,0.9294484456380209,0.9535942077636719
ISIC_0011083.png,0.8575298745639427,0.8878470554327985,0.8732133403917417,0.7505928211791457,0.7983138108565703,0.774958891237961,0.9970227821884708,0.9968933379357956,0.99641870900932,0.9900308677560347,0.9924468330416008,0.9913227016885553,0.7522789425706472,0.8003048252450725,0.7771234351864316,0.9902369181315104,0.992577870686849,0.9914728800455729
ISIC_0011089.png,0.899360388962266,0.8649482899525526,0.9292276542793267,0.817125224226945,0.7620342600218593,0.8678106583467272,0.8799349322032084,0.7871972688648452,0.8840819340546441,0.9760403636060379,0.9897072804603453,0.9941556167125344,0.9196628805037778,0.9597413950575403,0.9792322327127896,0.9532025655110677,0.9415842692057291,0.9679985046386719
ISIC_0011090.png,0.9175385407997464,0.8700352346319927,0.9262161866906444,0.8476408402361448,0.7699666939160172,0.8625723122386116,0.9996437900736167,0.7760698891071725,0.9914401675266078,0.9019893570577339,0.9956677010694073,0.918345112938687,0.8478969438391533,0.9898895329358905,0.8690442774285724,0.9365005493164062,0.9180615743001302,0.944176991780599
ISIC_0011092.png,0.7903039420151117,0.8909405479784693,0.8860317064036949,0.6533078592746676,0.8033298362450395,0.7953832362169431,0.6533078592746676,0.9954892828072714,0.8425544903680926,1.0,0.9696852040757848,0.9924839822572696,1.0,0.8062646498681512,0.9342400501410216,0.961004892985026,0.9725875854492188,0.9756202697753906
ISIC_0011098.png,0.8386640123866401,0.8815584953887603,0.9126986667008046,0.7221545025140942,0.7882025941939469,0.8394164880966397,0.724463409973887,0.8127507802050825,0.90815871600535,0.9996454436686268,0.996546254062919,0.9909185551617611,0.9956061269146609,0.9630943396226415,0.9172842365292574,0.9721755981445312,0.9781990051269531,0.9826571146647135
ISIC_0011101.png,0.963808507331834,0.8857332788210364,0.8763746375898147,0.9301451653980022,0.794902389154973,0.7799527021266093,0.9382803445933217,0.810114008095317,0.9922586390961562,0.9974937384359422,0.9945163258728972,0.9219983346120939,0.9907646307057945,0.9769231828383383,0.7847277718331098,0.9843050638834635,0.9534441630045573,0.9376475016276041
ISIC_0011104.png,0.9631202175291318,0.9182539530914672,0.9168454286787312,0.9288639182780007,0.8488627767262923,0.8464585322853155,0.9412592831390689,0.8529249097195316,0.8519962261137549,0.9899357377224699,0.9963909626850523,0.9950660132628776,0.9860207458080826,0.9944207473715789,0.9923798500084401,0.9690081278483073,0.9347101847330729,0.9335556030273438
ISIC_0011107.png,0.8464288005461471,0.9385131881121915,0.9172711323890075,0.7337464743804983,0.884149645197274,0.8471845166675361,0.7337464743804983,0.9896938587066013,0.8520079242495467,1.0,0.8164590862157977,0.9912461280330408,1.0,0.892365710220177,0.9933619603381412,0.8386726379394531,0.9214248657226562,0.9068794250488281
ISIC_0011110.png,0.9526576805070597,0.9015734227897414,0.9137056283521706,0.9095953278850404,0.8207862423353982,0.8411215709109731,0.925488244806568,0.9965169797238462,0.9951773565407102,0.9973222861751659,0.9671884738057704,0.971930930820838,0.9814705822661498,0.8231476943992159,0.8445640875722731,0.9877764383951823,0.9710858662923177,0.9750200907389323
ISIC_0011112.png,0.9629128628843631,0.9422091681165912,0.9394857232184575,0.9284782622629295,0.8907329688601827,0.8858774877313453,0.9442763206140458,0.8913164992218501,0.8863510067059408,0.9395764972771518,0.9976735707217139,0.9981018188973189,0.9822998498004686,0.9992655454968986,0.9993973069912389,0.943243662516276,0.9146855672200521,0.9109052022298177
ISIC_0011122.png,0.8877107187624717,0.8983435127784849,0.9118855188829328,0.7980933860792118,0.8154479397150328,0.8380418923813822,0.8009136699549859,0.9950705639639968,0.8401057293029616,0.9940642303433002,0.6299991481386831,0.9958633614447568,0.9956071999556181,0.8187553933898948,0.9970771638377273,0.872992197672526,0.8588358561197916,0.898230234781901
ISIC_0011129.png,0.9480510225896102,0.8741910361052507,0.9204044787106272,0.9012328952716434,0.7765003336631613,0.8525456622970964,0.997263970615794,0.7782980109729482,0.8561465519975321,0.9159218252009309,0.9981732521344286,0.9966672657247048,0.9034667753217208,0.9970342519888609,0.9950908445087828,0.9517974853515625,0.9011980692545573,0.9346911112467448
ISIC_0011132.png,0.9114859401671009,0.8750976491097094,0.929799937991112,0.8373671721861137,0.7779321008771329,0.8688094600235504,0.8687421509304715,0.811315504052974,0.9950479506793013,0.9918751392568019,0.9906945510360706,0.9684923749164459,0.9586535433070866,0.9497640228876916,0.8725823305988875,0.9699325561523438,0.9587287902832031,0.9732246398925781
ISIC_0011143.png,0.564732073838162,0.8912142152023692,0.8852028407432629,0.39346805118703954,0.8037749287749287,0.7940483462780348,1.0,0.9886114761279019,0.9963863337713534,0.981889875209057,0.9972983404091085,0.9970063038723788,0.39346805118703954,0.8112868439971244,0.7963416768772974,0.9821001688639323,0.9971974690755209,0.9969991048177084
ISIC_0011148.png,0.9280471161872458,0.8943943081819884,0.9260537407797682,0.8657536447743299,0.8089631907658542,0.8622905781637108,0.9903989592980919,0.8443259829047743,0.994124841809068,0.9684273685287657,0.9904137900026202,0.9664722964267608,0.8730811659779744,0.9507750364231293,0.8667073478922811,0.9723790486653646,0.9641393025716146,0.9714457194010416
ISIC_0011149.png,0.9536029120305495,0.9395948875929429,0.9091708323573241,0.9113203037300405,0.8860716311147518,0.833467658663801,0.9290113586177339,0.8871665676785213,0.9921788487352361,0.9726942508897396,0.9982618328482991,0.7321508900456268,0.979531774723359,0.9986090533971667,0.8389798080885383,0.9471626281738281,0.9333292643229166,0.884131113688151
ISIC_0011150.png,0.8296598704042154,0.8962229975786001,0.9291233865475469,0.708904915266612,0.8119602017549921,0.8676287957695697,0.9222602161431949,0.9921901384667342,0.9142920466058764,0.9587713971778857,0.9695928753180661,0.9926324311820495,0.7539580511289613,0.8171829908556726,0.9444438387824741,0.9543724060058594,0.9723154703776041,0.9831937154134115
ISIC_0011151.png,0.9647803222359572,0.9436863390918293,0.9072738401348409,0.9319570937057275,0.8933770091361787,0.8302847259068065,0.9402103199860312,0.894050039709585,0.8307371901385048,0.9175494257695737,0.9929859982170014,0.9949263202055693,0.9906689318011529,0.9991580769533401,0.9993444455737371,0.938012440999349,0.9036458333333334,0.8466618855794271
ISIC_0011152.png,0.0,0.7560464673395544,0.7134665508253693,0.0,0.6077770973668095,0.5545650999459751,0.0,0.9412043622569939,0.9734471313418682,0.9908876827531514,0.9985248424437381,0.9979689490171779,0.0,0.6317632081476766,0.5630828304991772,0.9882303873697916,0.9983711242675781,0.9979031880696615
ISIC_0011155.png,0.9190899452146042,0.9003333448336479,0.9225894372497053,0.8502927150558152,0.81873296839891,0.8563025731756526,0.9059686702789315,0.8252800308417942,0.9970874985317016,0.9521582694233245,0.9941573231517445,0.8798741238735517,0.9325968803579124,0.9904034525883569,0.8584497856792787,0.9326578776041666,0.9228604634602865,0.9293594360351562
ISIC_0011162.png,0.9271396961752292,0.847135256508154,0.9090430459720654,0.8641755994419362,0.7348088848153294,0.8332529002320186,0.9693708931140402,0.9975018468836269,0.8727302772269528,0.9816796282967306,0.9461960687931933,0.9928696405268918,0.888434537809137,0.7361636190161912,0.9485088266055337,0.9800694783528646,0.9529075622558594,0.9771537780761719
ISIC_0011167.png,0.88945213526882,0.9377919065211788,0.942087699534508,0.8009129219154562,0.882870232564159,0.8905158765239615,0.8029075105291197,0.8836979595934408,0.8971085199644414,0.990891809142539,0.9965711037019052,0.9729241556564945,0.9969078714575225,0.998940195157845,0.9918152817211539,0.8432706197102865,0.9079335530598959,0.9133872985839844
ISIC_0011168.png,0.7615838532980012,0.8651861457826768,0.8848901616115575,0.6149660235989007,0.7624035806113704,0.7935452913682489,0.9998443925753029,0.8898521729465377,0.9925975325108369,0.9620283041134431,0.9898576702043437,0.9847811104502412,0.6150248865065908,0.8418506834910621,0.7982694508009154,0.9641914367675781,0.984137217203776,0.9852282206217448
ISIC_0011171.png,0.9303833047630284,0.8678709511815571,0.8831788990522299,0.8698287049052686,0.7665830605506667,0.7907971100319792,0.9977820119682039,0.8052785137991605,0.9938819256304147,0.9862607646255703,0.9952853929209987,0.9760140367658713,0.8715138276709443,0.9410137767881993,0.794665492329116,0.9872449239095052,0.9790547688802084,0.9775403340657552
ISIC_0011172.png,0.8817485004636532,0.8955086532600627,0.9012688193772825,0.7885064324342481,0.8107882926410273,0.8202814621739222,0.9931199695396038,0.9983606383991369,0.8254608721403717,0.9178516541834216,0.9267629165592449,0.9980011183023233,0.7928373306539113,0.8118691809835079,0.9924087813996071,0.935949961344401,0.9439786275227865,0.9565137227376302
ISIC_0011175.png,0.8969160080433126,0.8997143461906676,0.9270245513626274,0.8130985623790378,0.8177097857049569,0.8639755481263846,0.8138454335231192,0.8279739375029039,0.9911004364002873,0.999492739463488,0.9930680972598062,0.9187435728905758,0.9988726191207307,0.9850661223795553,0.8707307193523975,0.9334449768066406,0.934332529703776,0.9444859822591146
ISIC_0011176.png,0.9551302105998556,0.8945756066524683,0.8845887207980296,0.914114103297208,0.809259875244335,0.7930605842814459,0.9345086306098964,0.9966766398158803,0.8075857307249712,0.9914842704091135,0.9116047239722971,0.9930092659289999,0.9766824297995372,0.8114495148796474,0.9778238503681163,0.975744883219401,0.9351056416829427,0.9417864481608073
ISIC_0011177.png,0.9669489425729058,0.8732045581783875,0.9029398061515196,0.9360127320145999,0.7749450572561226,0.8230540231197454,0.9912799499404533,0.9917240265638562,0.9942875597989544,0.9641220312928007,0.8300237537460189,0.8735838719832538,0.9437837318428597,0.7799892045214004,0.8269644560968581,0.9743868509928385,0.8911412556966146,0.9192059834798177
ISIC_0011204.png,0.8146598877539473,0.8664355367971893,0.9166530606913577,0.6872794393250401,0.7643460649332051,0.8461306599309143,0.6872794393250401,0.7926818056449388,0.9926167424558525,1.0,0.9918732588046156,0.9620483356613868,1.0,0.9553218328105822,0.851489653415192,0.9437726338704427,0.9560585021972656,0.9675445556640625
ISIC_0011205.png,0.9657746345553136,0.8577195223678608,0.9043660166003105,0.9338144922988415,0.7508834644060872,0.8254271319643759,0.9615229273809204,0.9897816311693907,0.9021379143218718,0.9969051637707574,0.9668161661663067,0.9903068718282844,0.9700641095295013,0.7567498018548445,0.9066051520727352,0.9935633341471354,0.9689852396647135,0.9819793701171875
ISIC_0011213.png,0.9255679385549516,0.9001224323221331,0.8737307203562726,0.8614485473470669,0.8183842081828526,0.7757742630009937,0.9442003282333633,0.875747789718884,0.9919265180793054,0.995152633927021,0.9964629855714389,0.9859401005003646,0.9076566833761673,0.9258927571924326,0.7807037646617638,0.9927050272623698,0.9906641642252604,0.9862276713053385
ISIC_0011219.png,0.9650286346520152,0.8924164294334698,0.8842280817781867,0.9324206127456935,0.8057328161494828,0.7924810324921656,0.9877742744997104,0.9944405121935526,0.9893443150376424,0.9934911468026476,0.9743215652853637,0.9727638427772612,0.9433069511355816,0.809378665996313,0.799303389478062,0.992926279703776,0.9763094584147135,0.974402109781901
ISIC_0011224.png,0.8720144368564453,0.864641526659108,0.9174718235470835,0.7730723382897295,0.7615581747629225,0.8475269683541471,0.7730723382897295,0.7675146914277349,0.9899512725599682,1.0,0.9974864071079568,0.9459947174224247,1.0,0.9899121357815734,0.8548815285703966,0.9448089599609375,0.9415550231933594,0.9566853841145834
ISIC_0011227.png,0.9225011410314925,0.8877357693653686,0.9188444633666838,0.8561504574720433,0.7981338830422047,0.8498725967106787,0.9556113902847572,0.9937321013670503,0.99121953855298,0.9942622141448431,0.9878959405832259,0.9917856256455009,0.8916084797459101,0.8021721588554729,0.8563192904656319,0.9924430847167969,0.9881706237792969,0.9917589823404948
ISIC_0011292.png,0.9173396563057564,0.8524863832496287,0.9158451014661114,0.847301428974131,0.7428987079593649,0.8447548433389142,0.8628684995031467,0.9979794633984763,0.9749144308269847,0.9976087212694471,0.9553101045897031,0.9799457363672682,0.9791515273009748,0.7440177799728361,0.8635247865588296,0.9820912679036459,0.9602241516113281,0.9793663024902344
ISIC_0011294.png,0.8882799588643674,0.884826844177495,0.9258672542451749,0.7990140736843971,0.7934434572403996,0.8619672548894693,0.9971085048314524,0.8280150475768976,0.9980305377295862,0.9483592528062784,0.990924343409202,0.9671205263174067,0.8008697249228327,0.9500088861807195,0.8634359265617123,0.956762949625651,0.9628410339355469,0.972448984781901
ISIC_0011298.png,0.9603537422156453,0.8840213509465842,0.918221796490617,0.9237312547657375,0.7921489821480187,0.8488078180091124,0.9418940166214559,0.9943846432952641,0.9109318036525735,0.9984380039942077,0.9797187583641592,0.994185751247332,0.9795514985984332,0.7957084393319324,0.9256294111450543,0.9942766825358073,0.980798085530599,0.9880587259928385
ISIC_0011300.png,0.9128490778611358,0.8859575521436103,0.9583423141423146,0.8396709778484055,0.7952637297154573,0.9200165535698321,0.8572719425623497,0.7955977747818229,0.9209727101875615,0.8449266386177733,0.9968925528052452,0.9923114708583388,0.9761319334415904,0.9994723194371408,0.9988728107872008,0.8558019002278646,0.8195673624674479,0.929467519124349
ISIC_0011305.png,0.9222089359602171,0.8989818254005569,0.9161944197241678,0.8556472276765666,0.8165004412643886,0.845349420964407,0.9707792207792207,0.8595604395604396,0.9924875124875124,0.9803753868390225,0.9923083871945356,0.9746143265941265,0.8782672354578649,0.9421929238619814,0.8507934333010765,0.9791539510091146,0.9754117329915365,0.9768892923990885
ISIC_0011310.png,0.9544053043739256,0.9029684620713282,0.9179916997446194,0.9127870563674322,0.8231016437104824,0.8484146559023167,0.9295644576732319,0.9937746447993037,0.9952927810462184,0.9886012711035115,0.8714084115326377,0.8926381063235854,0.9806102531215285,0.8273677165267223,0.8518326869932106,0.96600341796875,0.9182472229003906,0.9319318135579427
ISIC_0011319.png,0.9517763134117987,0.8902285789456972,0.8792978631224407,0.9079897025697605,0.8021729178247932,0.7845955086445126,0.9983522121299427,0.9919581886464383,0.7950374290465576,0.966548927863321,0.9204761880490867,0.995526605061919,0.9093524981123736,0.8074237730244346,0.9835359295665441,0.9745496114095052,0.9384587605794271,0.9450899759928385
ISIC_0011321.png,0.9627205342553342,0.8698872425218859,0.9159801493730083,0.9281206907573308,0.7697349107562236,0.8449846641122023,0.9609228005483855,0.9916418474920815,0.8778045667281237,0.9945083278607602,0.9552042334944988,0.9939647434061002,0.9645250071177754,0.7747613982211979,0.9576272060567927,0.9899915059407552,0.9601046244303385,0.9783426920572916
ISIC_0011325.png,0.9550691000416223,0.8857184593660223,0.9281893599148573,0.914002160410478,0.7948785177416535,0.866001255446693,0.9991770822954607,0.8054998948289033,0.8705583662684926,0.9510073819709184,0.9929750021825801,0.9972334584679258,0.9146907103308256,0.9836819122040911,0.9939916405433646,0.9676055908203125,0.928375244140625,0.9535840352376302
ISIC_0011333.png,0.9271147111523975,0.9020310471045476,0.9039829351769927,0.8641321870935721,0.8215451308762445,0.8247891061102907,0.999497169483216,0.8353942400764303,0.8284007056388252,0.9317539974771032,0.992655850948277,0.9980923102761495,0.8645080152076923,0.9802201692323577,0.9947419267190629,0.9523111979166666,0.9449335734049479,0.9465980529785156
ISIC_0011336.png,0.9572800226238647,0.8891872974497039,0.9239660217448793,0.9180604988817144,0.8004835517348998,0.8586773656006362,0.9913345930267544,0.8128793622902349,0.8620394998134531,0.9629629629629629,0.9928141260134223,0.9981830536241192,0.9254874495322133,0.9813060576122121,0.9954784252318697,0.9719556172688802,0.9357821146647135,0.9550310770670573
ISIC_0011338.png,0.31591384529663874,0.8976263712817595,0.9263395638003303,0.18758769817942272,0.8142669126849976,0.8627863452612666,1.0,0.9937718497055211,0.9074596075714151,0.16589225813887187,0.9575419909376005,0.9900277209945589,0.18758769817942272,0.8184435610948635,0.9460218178236351,0.30059560139973956,0.9633928934733073,0.9766934712727865
ISIC_0011344.png,0.9359212038223341,0.9049425934539401,0.872121697798475,0.8795600543722012,0.826388267906644,0.7732409570218398,0.9945308294258541,0.8652212244388444,0.9891786881792577,0.9745480122565737,0.9908501061132472,0.9456232273314911,0.883835092147047,0.9484865849590749,0.7798376184032476,0.9778048197428385,0.9703750610351562,0.952721913655599
ISIC_0011349.png,0.8728458345351287,0.924108168407767,0.8859129126111894,0.7743801702361998,0.8589229337675717,0.7951917966194059,0.9948821471142385,0.9938035913407929,0.7967374168493098,0.4438135580490589,0.6932690430054226,0.9962034157991979,0.7774772906882056,0.863547595460719,0.9975663535744032,0.8082860310872396,0.8920402526855469,0.8642781575520834
ISIC_0011359.png,0.9176758115728638,0.8953327597861488,0.8811105075552419,0.8478751758347524,0.8104999652319032,0.7874866226780158,0.9982784170153417,0.8466846815434682,0.8071245932124593,0.9623594258656407,0.9905266597612706,0.9947084319818487,0.8491167584199892,0.9499119833094276,0.9700292461478022,0.9686470031738281,0.9653472900390625,0.9618721008300781
ISIC_0011363.png,0.8705748924076637,0.8973077109250206,0.9220512891650945,0.7708124129306111,0.8137426186935154,0.8553758447848011,0.9884174615151456,0.9962466384197187,0.8573249667335221,0.5912080660173261,0.6752363431481498,0.9967003788338641,0.7778383032858021,0.8162450441818563,0.9973491583577786,0.8261617024739584,0.8651173909505209,0.9142583211263021
ISIC_0011367.png,0.8986396074933095,0.8741726844583988,0.9189177051757045,0.8159360129594007,0.7764713756637366,0.8499979229842562,0.9747925587246292,0.8419333768778576,0.990008950818879,0.9891986927841416,0.995322744079614,0.9908615679879746,0.8335229505822973,0.908979314667781,0.8573523558125405,0.9884414672851562,0.9872601826985677,0.9908167521158854
ISIC_0011374.png,0.5184613928841787,0.9699922834480948,0.9670269931486289,0.3499479462728893,0.9417330257440009,0.9361590155160455,0.3499479462728893,0.9417534761031877,0.9361853240424349,1.0,0.995260663507109,0.9938667410091999,1.0,0.99997694177391,0.9999699826718151,0.35291290283203125,0.9419975280761719,0.9364484151204427
ISIC_0011384.png,0.8643468732879392,0.8904444302951195,0.9294871146277053,0.7611011258256238,0.8025235099599022,0.8682633598608722,0.9998768686985746,0.8103415807161896,0.9980588712481168,0.9331953458529724,0.9979255607926363,0.9681677689213533,0.7611724681712165,0.9881208930968699,0.869732066778174,0.9449017842610677,0.9649937947591146,0.9734153747558594
ISIC_0011386.png,0.5354598913870114,0.8571309870021959,0.9086470967660338,0.3656164062957112,0.749981824035895,0.8325877853748986,0.6910518530806342,0.998202905763143,0.9931572180981213,0.9098310724233398,0.9664721541871997,0.9804633290061658,0.4370557532414167,0.7509958294765525,0.8373914563785768,0.8897069295247396,0.969390869140625,0.9816309611002604
ISIC_0011392.png,0.8887456864747826,0.8943120824805962,0.8954797983864474,0.7997680419844008,0.8088286652231613,0.8107409869717858,0.9829027545166233,0.9903431564693724,0.9907778925987956,0.9502721643293707,0.9512642447110972,0.9517749881213464,0.8110511273420133,0.8152585230772841,0.8169056293336467,0.9560941060384115,0.9582366943359375,0.958733876546224
AVERAGE,0.8962285207736814,0.8914327589505899,0.9109002152349794,0.8241558985175093,0.8050878744393875,0.8371049069499216,0.9216729477050613,0.9116477236241617,0.9257200099581325,0.9546236515556448,0.9540442005513377,0.9663555630796223,0.8943959506914039,0.8875185027138015,0.9072074777492116,0.9498962662129945,0.9444610799463534,0.9535840703927706
